Actual,Predicted,Residual
127.959,127.51116313259924,0.4478368674007669
130.558,130.93020258138162,-0.37220258138162876
76.3104,77.55922733355716,-1.2488273335571591
128.988,128.80831712771115,0.1796828722888506
107.54,106.46114950639404,1.0788504936059695
120.567,119.83106214075026,0.7359378592497308
114.363,113.40266559018212,0.9603344098178752
133.212,132.99739994278337,0.21460005721661446
83.7736,83.75202709735741,0.021572902642589042
78.0604,78.07739543607917,-0.016995436079170645
135.743,137.19961349704505,-1.4566134970450548
102.344,101.40490213977968,0.9390978602203148
72.0807,73.51892404979617,-1.438224049796176
129.871,131.049120091178,-1.1781200911779877
110.117,109.58421925925656,0.5327807407434477
85.0541,83.98644328593495,1.067656714065052
99.3835,98.27161982176115,1.1118801782388488
81.1834,82.31806785138045,-1.134667851380442
132.128,131.8717400747728,0.256259925227198
76.0237,76.16207510906733,-0.13837510906732575
123.974,123.82856656962389,0.14543343037611578
127.483,127.44168245086705,0.04131754913295538
115.808,115.37151764485091,0.4364823551490957
137.704,139.27956955636327,-1.5755695563632628
99.6497,98.13380703758928,1.5158929624107174
122.447,121.59745304263615,0.8495469573638559
86.1331,86.46048210161635,-0.32738210161635095
86.3034,86.03490373833687,0.268496261663131
136.074,137.09153941359193,-1.0175394135919191
106.481,105.60554605731534,0.8754539426846577
89.5508,88.58788841889823,0.9629115811017641
116.909,116.18143570085473,0.7275642991452713
94.3536,93.8078585357859,0.5457414642141032
114.141,114.02048840539098,0.12051159460902738
120.058,119.36357939155002,0.6944206084499882
112.56,111.97113680385064,0.5888631961493616
78.4573,78.61596513392854,-0.15866513392853676
119.885,119.44172031113577,0.4432796888642372
91.2896,89.85708509008661,1.4325149099133796
122.854,122.1491515436648,0.7048484563351991
110.942,110.55264709336491,0.38935290663508226
73.0601,74.698680344945,-1.638580344944998
134.715,136.15583759575915,-1.4408375957591488
113.205,113.83079471479881,-0.6257947147988148
88.3693,88.73711427678542,-0.367814276785424
108.705,109.10434906046784,-0.39934906046784135
127.328,128.35144539105534,-1.0234453910553327
100.918,100.63783455998077,0.28016544001923194
129.336,130.08781566508608,-0.7518156650860703
81.9073,81.47867749802862,0.4286225019713896
108.246,107.7554657746702,0.49053422532979596
123.801,123.35551704822424,0.4454829517757588
84.8082,85.07342600101153,-0.26522600101152705
94.8592,94.16668307343123,0.6925169265687714
98.2716,96.74922199551914,1.5223780044808706
96.9201,97.38935800457097,-0.46925800457096045
121.197,120.86641153621696,0.3305884637830445
92.5542,91.26119979615248,1.2930002038475124
108.502,108.39937374017249,0.10262625982750251
93.9755,92.40548670951196,1.5700132904880348
121.695,122.83517718450346,-1.1401771845034716
86.4697,85.40098435367418,1.0687156463258276
134.477,134.31204865391476,0.1649513460852461
98.9656,99.27771198638341,-0.31211198638341386
138.23,139.1301868017502,-0.900186801750209
119.076,118.152810794628,0.9231892053719974
98.9472,97.70970439863606,1.237495601363932
99.758,98.49434361493114,1.263656385068856
101.302,100.5192816930168,0.7827183069832131
86.5123,88.09090250073208,-1.5786025007320887
109.839,109.93980024383053,-0.10080024383053399
138.412,139.52460723887557,-1.1126072388755688
115.46,114.70129507170658,0.7587049282934117
113.246,112.19893226346555,1.0470677365344443
108.039,107.26584905903034,0.7731509409696571
122.304,121.90171973666597,0.40228026333403477
127.094,128.2106736892603,-1.1166736892602955
112.657,111.67314987119649,0.9838501288035104
85.7792,86.1726276612876,-0.3934276612876033
132.901,132.03190042052586,0.8690995794741525
123.376,123.18811041420716,0.18788958579284554
116.996,117.615719996958,-0.6197199969580112
102.415,101.29913834481738,1.115861655182627
131.22,132.0074362816726,-0.7874362816725977
113.827,114.25270370119938,-0.4257037011993816
85.723,86.23065350788578,-0.5076535078857773
107.406,106.33132604894368,1.074673951056326
115.613,114.65064310448291,0.9623568955170896
112.573,111.51270041125541,1.0602995887445843
85.5778,85.85861550248866,-0.2808155024886645
111.371,110.29460817465258,1.0763918253474145
77.7243,78.64462611129213,-0.9203261112921268
115.496,114.7570498881984,0.7389501118016
125.849,127.65068328290025,-1.8016832829002425
139.163,140.38360583610586,-1.2206058361058467
108.282,107.13876174577655,1.1432382542234478
137.102,137.6852777761651,-0.5832777761650902
131.664,131.71510372046458,-0.05110372046459588
125.544,125.1031455177732,0.440854482226797
81.4111,81.75396438646017,-0.34286438646016393
133.415,133.28898562027976,0.12601437972023177
128.889,128.67511557114256,0.21388442885745462
102.049,102.28768356309344,-0.23868356309343142
85.9194,86.16027774614398,-0.24087774614397972
122.27,121.79103173328106,0.4789682667189368
109.658,108.51107781478835,1.1469221852116505
75.1357,76.65186511867795,-1.5161651186779466
113.123,113.39662971119357,-0.27362971119356416
94.3099,94.45220313822968,-0.14230313822967844
133.778,134.33437710777037,-0.5563771077703734
135.928,135.6153312333718,0.31266876662820664
125.561,125.1653697870951,0.39563021290490497
84.6849,84.39056798152126,0.294332018478741
118.017,117.17271301618179,0.8442869838182077
116.354,117.02044192128307,-0.6664419212830666
118.892,120.5479319478227,-1.6559319478227081
96.4285,95.81199968641235,0.6165003135876503
119.227,118.60964313559155,0.6173568644084497
121.059,122.13736814370091,-1.0783681437009136
139.185,138.21480567790468,0.970194322095324
76.5402,78.01951551617684,-1.4793155161768397
95.9605,95.93513770925121,0.02536229074878804
81.3496,83.06039281167683,-1.7107928116768392
95.0186,94.69327554733952,0.3253244526604817
72.9913,74.0405302076431,-1.049230207643106
137.071,137.09947668277434,-0.02847668277433968
113.417,112.97711342237106,0.4398865776289398
132.243,134.4942699008514,-2.251269900851412
94.9405,93.53230199706094,1.4081980029390593
122.496,122.22445157905814,0.27154842094185483
93.6764,93.89368470324457,-0.21728470324457305
120.4,120.63858555716277,-0.23858555716276442
118.206,117.75784296195226,0.4481570380477393
102.515,102.69401779396038,-0.17901779396038364
76.0381,77.53759360622804,-1.499493606228043
69.5941,71.88289254403884,-2.2887925440388415
137.523,136.95187374978133,0.5711262502186685
127.369,127.45979579411977,-0.09079579411977079
89.6062,88.69601159871627,0.9101884012837331
81.6914,81.92928415518011,-0.23788415518011163
74.0851,73.81634444861285,0.26875555138714446
119.424,120.22631462115538,-0.8023146211553751
75.6782,75.78640088048908,-0.10820088048907905
81.3188,82.45107621428802,-1.1322762142880265
122.58,123.10795899717873,-0.5279589971787289
93.6551,93.80409279067216,-0.14899279067215332
122.982,125.83423807291199,-2.8522380729119874
127.073,126.31294222594389,0.7600577740561079
107.977,108.21603342117318,-0.2390334211731755
105.864,105.98313185040608,-0.11913185040607743
127.166,126.94603942026623,0.21996057973376537
125.958,126.92916275332428,-0.971162753324279
80.236,80.81971019968962,-0.5837101996896195
135.364,135.53857406470928,-0.17457406470927594
123.699,123.25250779214643,0.44649220785356647
118.851,118.53624440681592,0.3147555931840742
126.831,129.05342688895976,-2.2224268889597596
123.582,123.93434890809543,-0.3523489080954363
114.119,113.66981480111782,0.44918519888217645
88.4165,87.54746296826025,0.8690370317397509
128.423,128.49105260089354,-0.06805260089353737
128.779,129.7050460608099,-0.9260460608099095
136.557,137.43581355892562,-0.8788135589256285
130.974,131.33926741137537,-0.36526741137538465
98.1611,97.04097253111682,1.120127468883183
102.395,101.34935584017833,1.0456441598216628
124.876,124.14000364995489,0.735996350045113
115.889,114.81191819856585,1.0770818014341472
117.692,116.92269795948295,0.7693020405170472
89.7524,89.4901656723119,0.2622343276880912
129.93,128.69996210638465,1.2300378936153606
115.839,116.89424033831646,-1.055240338316466
78.5726,79.76206863268277,-1.1894686326827753
96.491,95.15182391533216,1.3391760846678409
106.789,105.71880792599721,1.0701920740027902
93.2404,92.03647429848543,1.2039257015145637
101.888,101.16967163527254,0.7183283647274692
137.51,137.29689120612315,0.21310879387684167
128.475,128.17426095540662,0.30073904459337086
120.956,120.2305240915256,0.725475908474408
101.021,99.89937550827072,1.1216244917292784
126.01,127.11057361301376,-1.1005736130137507
92.9937,92.22739858725797,0.7663014127420382
108.5,108.31631792738679,0.1836820726132089
107.58,106.85380299242436,0.7261970075756352
107.974,107.00183072449592,0.9721692755040863
116.321,115.19974593625723,1.121254063742768
115.63,114.99461448870926,0.6353855112907354
131.046,131.65184893584578,-0.6058489358457848
111.526,112.65147985120592,-1.1254798512059239
115.222,114.3242399498102,0.8977600501897882
73.623,74.45625836658579,-0.8332583665857811
73.7923,74.47183393990812,-0.6795339399081257
67.9896,70.2029243348043,-2.213324334804298
126.749,127.2227970318295,-0.4737970318295055
95.8919,94.86154388118847,1.0303561188115395
117.917,119.54877232985376,-1.63177232985376
94.3108,93.12270059017695,1.188099409823053
84.4681,84.37192651678595,0.09617348321405927
138.346,139.12003541111872,-0.7740354111187173
91.0558,90.01099843035082,1.0448015696491808
99.504,98.58845285959443,0.9155471404055788
74.5517,75.91599008027795,-1.3642900802779536
87.9935,88.96554172674684,-0.9720417267468378
129.448,130.5241209118737,-1.0761209118736872
101.679,101.37499386102296,0.3040061389770443
114.773,113.77985230888649,0.9931476911135064
113.976,113.50151513707783,0.47448486292216785
105.347,107.11644487215868,-1.7694448721586866
100.63,99.94298751598618,0.6870124840138203
133.789,134.97039008321656,-1.18139008321657
130.253,131.655810477225,-1.4028104772250174
101.531,100.8498501360866,0.6811498639134044
127.655,127.875210093185,-0.22021009318500262
140.028,141.8175264177015,-1.7895264177014951
119.094,118.42556157672975,0.6684384232702456
104.937,104.60728356979132,0.329716430208677
129.318,129.21051358425672,0.10748641574329554
86.8542,86.66505724976554,0.18914275023446692
88.9273,88.7561316228903,0.17116837710970856
125.97,125.68834976801121,0.2816502319887917
120.856,121.59148939414418,-0.7354893941441816
99.7608,99.81602343610437,-0.055223436104370194
135.338,136.45603646052527,-1.1180364605252748
134.192,133.41297820785528,0.7790217921447322
122.578,122.51976204945495,0.05823795054504899
82.7531,83.95585898896073,-1.2027589889607242
137.892,138.73104812547712,-0.8390481254771203
126.204,125.61316097675775,0.5908390232422391
75.9655,77.35478166285685,-1.3892816628568454
90.6325,90.42080381733993,0.21169618266006296
120.886,121.50277794900366,-0.6167779490036622
83.4557,84.16118303293891,-0.7054830329389148
116.706,115.54575447521648,1.1602455247835195
119.305,118.50730737055635,0.7976926294436595
75.4555,77.84419185103575,-2.3886918510357447
88.4532,87.74449103608086,0.7087089639191362
135.081,136.44621799797196,-1.3652179979719676
109.137,108.6513565424004,0.4856434575995934
100.457,98.9627440495448,1.494255950455198
87.0342,85.58178222375471,1.4524177762452837
78.8683,78.52784850867704,0.34045149132296615
136.683,138.76703354121602,-2.08403354121603
103.534,103.10079691188011,0.43320308811989605
78.6819,79.7628220630603,-1.0809220630602994
97.152,96.79023297549105,0.36176702450894993
112.565,113.0529111257047,-0.48791112570469863
118.372,118.22452467222745,0.147475327772554
94.7861,94.1005178159172,0.6855821840828042
137.882,137.84788727635018,0.03411272364982665
113.357,113.02269906501134,0.3343009349886614
105.39,104.3460386720921,1.043961327907894
109.633,108.68539468801579,0.947605311984205
108.779,108.51390103420019,0.2650989657998082
109.218,109.42654775324796,-0.20854775324795582
104.331,105.53653852253406,-1.2055385225340558
116.433,116.0481673566068,0.3848326433932101
138.361,138.39811972765892,-0.03711972765893279
111.183,110.40370721337545,0.779292786624552
91.32,91.13447110877915,0.18552889122084082
110.953,111.83463334257907,-0.8816333425790646
77.0843,78.11221633996122,-1.027916339961223
112.825,111.78681893034837,1.0381810696516283
122.916,121.96300631031892,0.9529936896810796
125.952,125.69275712365892,0.25924287634107657
128.415,127.64444600572934,0.7705539942706565
103.941,104.36581722983787,-0.4248172298378705
108.222,107.57598827810968,0.6460117218903179
129.296,129.94671496289286,-0.650714962892863
95.9304,94.9233545071807,1.0070454928193016
123.742,122.86841365910762,0.8735863408923876
128.577,127.96381393988155,0.6131860601184513
133.913,135.6413454130409,-1.7283454130408984
81.7709,81.98906248410879,-0.21816248410878814
74.7941,76.70454208171738,-1.9104420817173775
117.321,117.3436342100216,-0.02263421002160726
108.991,108.20014951093049,0.7908504890695127
77.15,78.77639079437385,-1.6263907943738474
84.0566,84.45215738523079,-0.3955573852307879
123.059,122.4696938911741,0.5893061088258946
128.122,127.930299207132,0.19170079286801922
113.198,112.48631058642216,0.7116894135778296
120.918,120.25064402461254,0.6673559753874656
126.802,127.04104990038013,-0.23904990038012386
117.307,116.62230555300324,0.6846944469967582
84.1085,83.57629452893961,0.5322054710603936
89.8788,89.28948743333811,0.5893125666618886
97.3546,96.03975963879287,1.314840361207132
94.4205,94.85121742222411,-0.4307174222241059
132.749,132.50939009879576,0.23960990120423276
91.4491,92.15511556331522,-0.7060155633152192
103.713,102.5868438376153,1.1261561623846887
135.449,134.3307784985252,1.1182215014748067
125.384,125.4435357707337,-0.059535770733702975
97.3795,96.64668054655118,0.7328194534488119
105.831,104.69019107459194,1.1408089254080664
96.6876,97.85041596563356,-1.1628159656335555
103.818,103.00169652331763,0.8163034766823642
115.664,115.119337671299,0.5446623287010084
130.311,127.79492386698946,2.516076133010543
129.892,129.9474363244609,-0.05543632446091351
127.556,126.73924348139843,0.8167565186015651
128.947,128.63115674538437,0.3158432546156291
92.1015,92.03488596255586,0.06661403744413974
115.133,114.14209456206237,0.9909054379376272
136.655,136.35488149037602,0.3001185096239851
83.5198,85.6553380147004,-2.1355380147004013
111.304,110.16129824464294,1.1427017553570664
122.167,121.5159668552345,0.6510331447655062
100.124,99.56332993979946,0.5606700602005361
120.513,119.73439472200273,0.7786052779972721
110.226,109.85213081742191,0.37386918257809043
119.029,118.22414227206495,0.804857727935044
93.8674,93.94454838670589,-0.0771483867058862
121.517,121.04828147338259,0.4687185266174083
131.264,132.47688555630228,-1.2128855563022682
107.093,106.90731811316921,0.18568188683079256
78.2762,78.30281685091533,-0.026616850915331725
95.7165,95.76278140341675,-0.04628140341675646
106.839,106.52494208277075,0.31405791722924903
85.8413,85.85302612165144,-0.01172612165143505
93.2384,92.77719852863379,0.46120147136620915
76.6017,76.40833865092146,0.1933613490785291
80.9062,82.16362801767733,-1.2574280176773271
123.854,123.66076417554287,0.19323582445713328
130.645,129.87676946278694,0.7682305372130713
116.17,118.0267604582212,-1.8567604582212027
108.028,107.23867940554153,0.7893205944584736
120.517,119.68327953341601,0.8337204665839835
122.302,122.85027800249296,-0.5482780024929497
90.0724,90.63641511154869,-0.5640151115486844
96.2583,94.57389549402284,1.6844045059771702
87.2773,86.94877656676233,0.3285234332376632
128.382,128.67347761840662,-0.291477618406617
106.255,105.1364481635265,1.1185518364735003
100.545,99.65980589706535,0.8851941029346477
123.128,123.67181842685203,-0.5438184268520274
99.542,98.26596755309936,1.2760324469006434
113.105,113.43404489241591,-0.32904489241590795
127.951,127.45648010609088,0.4945198939091142
100.5,99.34120085877585,1.1587991412241507
129.789,129.32292981520175,0.4660701847982409
96.691,95.38964201784754,1.3013579821524672
76.6147,77.22447584506097,-0.609775845060966
130.121,132.25647047870063,-2.1354704787006256
77.5136,78.65991372878008,-1.1463137287800862
115.223,115.0313201955675,0.19167980443249633
114.958,115.27159168786703,-0.3135916878670315
75.2028,77.16293705493779,-1.960137054937789
100.495,99.94345769426943,0.5515423057305782
128.815,128.08162291778274,0.7333770822172596
109.876,110.07639776399338,-0.20039776399337939
98.1343,99.84665115091701,-1.7123511509170157
104.316,103.36569599411447,0.9503040058855277
73.5625,75.07072827175725,-1.5082282717572468
85.2886,85.84707140529154,-0.5584714052915416
109.588,109.08217320687854,0.5058267931214573
123.237,122.6142359006929,0.6227640993070906
100.5,100.71504202180367,-0.2150420218036686
129.291,128.491527154886,0.7994728451139963
118.403,117.69566806426042,0.7073319357395889
90.8626,90.24358848960429,0.6190115103957083
128.204,129.84314511382664,-1.639145113826629
100.014,100.58650720712143,-0.5725072071214328
129.616,129.1805467571992,0.4354532428008042
112.503,111.44867032807805,1.0543296719219484
99.3106,98.43616390351764,0.8744360964823557
123.534,123.30593586090752,0.22806413909248135
112.067,112.14270454785841,-0.07570454785842173
121.015,120.29333475293285,0.7216652470671505
104.608,104.49137849138175,0.11662150861825182
96.8319,95.64112329205577,1.190776707944238
96.2355,95.22765968596161,1.0078403140383898
86.6949,86.54482155268691,0.15007844731309206
105.199,105.91512159807658,-0.7161215980765832
70.9012,73.40629878002358,-2.505098780023573
130.976,133.00361449569186,-2.0276144956918642
98.7729,98.17785752760328,0.5950424723967274
134.558,136.39683361135243,-1.8388336113524417
100.792,101.39279930619695,-0.6007993061969472
107.171,107.24416348940119,-0.07316348940118189
88.7322,87.92332543464349,0.8088745653565184
85.449,85.91722219039477,-0.4682221903947692
114.9,113.63438606622901,1.265613933770993
134.198,135.2545059424869,-1.0565059424868934
114.078,113.12873900015639,0.9492609998436166
127.796,128.81429117328932,-1.0182911732893132
121.775,122.46670366468486,-0.6917036646848516
88.7879,88.75394620222332,0.03395379777667529
109.279,107.03737782521306,2.24162217478694
104.485,103.28457513616475,1.2004248638352522
132.34,133.4300318138684,-1.0900318138683929
73.9927,74.86170118024303,-0.869001180243032
135.697,136.2577081299704,-0.5607081299704078
125.288,126.50475403317647,-1.2167540331764712
109.708,110.35547869449594,-0.6474786944959448
122.924,123.54820561687863,-0.6242056168786263
136.128,134.89536661526347,1.2326333847365163
115.753,115.73256644643426,0.02043355356573784
134.372,134.0862797645828,0.2857202354172159
126.666,128.43132470013566,-1.7653247001356647
130.405,130.40013451424187,0.004865485758131172
90.1922,90.0084877214329,0.18371227856709993
120.837,121.72946691363522,-0.8924669136352179
89.168,89.278669232063,-0.11066923206298895
114.058,115.43056688567879,-1.3725668856787792
134.594,133.97033822454299,0.6236617754570091
100.711,100.7848638792504,-0.07386387925039628
134.392,135.69797483584625,-1.305974835846257
118.182,117.61196030311538,0.5700396968846206
75.6366,76.78453436109189,-1.1479343610918846
76.7801,76.91360058723059,-0.13350058723058567
107.072,106.80270453713341,0.26929546286659445
131.484,131.2461711690254,0.23782883097462104
131.983,132.04041492941744,-0.057414929417433314
121.399,121.06436495483048,0.33463504516952014
117.22,117.86107442470815,-0.641074424708151
74.0388,74.95762595575066,-0.9188259557506626
75.9522,76.46674419726911,-0.5145441972691032
133.942,135.29121246828612,-1.3492124682861117
73.525,74.22073058390042,-0.6957305839004135
133.344,133.88566110565603,-0.5416611056560328
109.755,108.62582508055795,1.1291749194420504
125.087,124.34077269546808,0.7462273045319279
115.742,116.42836546122989,-0.6863654612298831
110.95,112.75755914150247,-1.807559141502466
136.624,136.4701109881521,0.1538890118478946
82.1401,83.10770511977725,-0.9676051197772466
124.938,124.4907441913348,0.4472558086652043
93.2065,92.71352311284286,0.49297688715714116
119.013,118.72090115404527,0.2920988459547402
119.919,119.3090647184069,0.6099352815930956
116.711,116.3444787993982,0.36652120060179527
109.286,109.66072049776795,-0.374720497767953
106.482,106.479432551281,0.002567448719005938
123.946,123.4412801183003,0.5047198816996996
134.34,134.13966434165394,0.20033565834606293
88.2925,87.91780114025683,0.3746988597431766
68.8719,71.10601042039382,-2.2341104203938187
89.546,88.74731400452299,0.7986859954770154
111.364,110.7747736672375,0.5892263327625074
88.3342,87.38994550386289,0.9442544961371055
88.1121,87.11819834403738,0.9939016559626168
102.81,99.99085223561659,2.819147764383416
118.523,118.5085936780548,0.014406321945202194
97.7979,98.95992332923889,-1.1620233292388917
81.9373,82.17180420755872,-0.2345042075587287
129.828,130.87645486961983,-1.0484548696198317
76.1544,76.51410133841298,-0.35970133841298946
111.797,110.75868086633561,1.0383191336643876
81.8332,83.22017186827232,-1.3869718682723118
123.979,125.80863575856547,-1.8296357585654732
78.6587,78.4090174108207,0.24968258917930086
80.755,81.72972141219148,-0.9747214121914851
116.611,116.4676361173187,0.14336388268129951
131.339,131.48694670646688,-0.14794670646688246
129.739,130.47153647266038,-0.7325364726603709
132.259,132.20423694184285,0.05476305815713545
130.571,130.8906742219555,-0.3196742219554949
102.515,101.67611971305121,0.8388802869487932
99.9731,98.89172405342379,1.081375946576216
92.2514,90.69696982973733,1.5544301702626768
77.9405,77.96587220417103,-0.025372204171034696
121.615,121.90204999728569,-0.2870499972856919
103.066,101.93034512117724,1.1356548788227627
73.8998,78.5705125741324,-4.670712574132395
93.2779,93.5690998326086,-0.29119983260859783
105.75,104.73123534164519,1.0187646583548116
74.5229,75.52086294002291,-0.9979629400229015
118.791,118.20685280220367,0.5841471977963266
132.791,133.17928757578932,-0.38828757578932027
98.4282,97.42340384344195,1.0047961565580579
90.621,89.91892889906997,0.7020711009300271
83.8085,83.62453471767357,0.18396528232642595
136.324,136.7496666810318,-0.4256666810317995
136.196,135.77581545380016,0.4201845461998346
105.285,105.99825588475713,-0.7132558847571318
107.445,106.31315366440897,1.131846335591021
132.459,132.28488302378773,0.17411697621227518
109.838,109.14345780831138,0.6945421916886119
107.622,106.6246943177817,0.9973056822182969
129.689,128.35979020824698,1.3292097917530157
110.513,110.56288630642705,-0.04988630642704095
104.92,104.43858425983548,0.4814157401645218
119.16,119.59280367905052,-0.4328036790505223
134.806,135.57876867339928,-0.7727686733992698
104.12,103.05313699699768,1.0668630030023252
87.3987,86.68833090169858,0.7103690983014275
108.033,107.36055590218767,0.6724440978123312
93.0714,92.50072457982603,0.5706754201739699
71.6074,72.1077530684315,-0.5003530684315081
102.224,101.19233198758681,1.031668012413192
102.72,101.90836422865179,0.8116357713482074
115.145,114.03798711408047,1.1070128859195307
77.0199,76.69181637291445,0.3280836270855616
109.54,109.08868178962905,0.45131821037095676
133.024,132.99293510736706,0.031064892632940655
120.631,119.41888069654493,1.2121193034550686
118.72,119.26651541446637,-0.54651541446637
128.986,129.3181993952435,-0.3321993952435207
118.961,118.78696102189406,0.1740389781059406
97.2093,96.44418861889504,0.7651113811049584
98.7853,99.60178567712549,-0.8164856771254847
92.5432,92.60147172811602,-0.058271728116025656
118.591,117.74886391025139,0.8421360897486068
97.5642,97.5055365265377,0.05866347346230327
74.2297,76.14666387979702,-1.9169638797970237
93.9303,93.48203325784378,0.4482667421562212
110.763,109.65485773600504,1.1081422639949636
98.5384,97.72306949644819,0.8153305035518059
130.244,130.57956755805148,-0.33556755805147986
91.6984,92.71449554626277,-1.0160955462627612
121.372,121.20413720497157,0.1678627950284266
90.7537,90.34486460209118,0.40883539790881684
115.976,115.30223224525949,0.6737677547405099
134.756,135.3458873828225,-0.5898873828224964
96.4287,95.91119026247114,0.5175097375288686
98.9077,97.97740429978715,0.9302957002128522
103.824,103.95172265196737,-0.12772265196737465
122.015,123.00002411690046,-0.9850241169004619
86.8146,86.31783505068456,0.496764949315434
74.3587,76.52880272405486,-2.170102724054857
103.638,102.55958955812075,1.0784104418792566
108.94,109.3947310049609,-0.45473100496090524
77.1151,77.93794233584795,-0.8228423358479517
105.495,104.84410575432639,0.6508942456736122
110.457,110.49320644210464,-0.03620644210464263
83.1546,83.6095954402145,-0.45499544021450333
82.1828,81.30787312059482,0.8749268794051801
113.46,112.24725512126241,1.2127448787375812
115.454,114.45168478659208,1.0023152134079112
91.4282,90.65545119148165,0.772748808518358
110.507,109.92912877485705,0.5778712251429567
88.7074,90.27290564997499,-1.5655056499749804
120.13,119.86829053801678,0.2617094619832159
82.6626,82.79992008154817,-0.1373200815481681
97.1084,97.54309928136125,-0.43469928136124736
113.77,113.23921099432884,0.5307890056711528
133.67,133.22559567075965,0.4444043292403421
135.439,136.02962030465793,-0.5906203046579321
122.36,121.84965904967814,0.5103409503218614
134.985,136.17465830660973,-1.189658306609715
88.3895,88.58577661332268,-0.19627661332268076
93.5319,92.68176658863213,0.8501334113678638
88.6036,89.0964356229821,-0.49283562298209915
125.268,124.6901253108658,0.5778746891342053
113.64,113.18364877576037,0.4563512242396257
107.878,107.08445588117692,0.7935441188230783
132.13,132.5737287781842,-0.44372877818420875
128.771,130.3330092335145,-1.562009233514516
116.357,115.72624978410565,0.6307502158943521
78.5331,80.30351890211001,-1.7704189021100092
132.944,132.9464661729363,-0.002466172936323119
85.6929,85.95280660367337,-0.2599066036733717
88.2457,89.2078033678063,-0.9621033678063071
100.393,100.22641808819155,0.16658191180844995
97.5169,96.5995467282781,0.9173532717219075
93.8289,93.54142658587817,0.287473414121834
91.4479,91.4585388533414,-0.010638853341390586
86.1037,85.44801202636852,0.6556879736314869
102.185,102.86381555314561,-0.6788155531456113
86.6896,85.9489103585295,0.740689641470496
95.8432,95.72768820155964,0.11551179844035175
137.946,138.44385383352235,-0.4978538335223561
119.881,119.91169617556275,-0.030696175562752614
125.371,124.5273125878177,0.843687412182291
95.5949,94.9090214232839,0.6858785767160924
126.433,127.10561594719543,-0.6726159471954247
121.771,121.1282933856376,0.6427066143623961
94.6428,95.10292555997898,-0.46012555997899085
89.1541,88.16128293089044,0.992817069109563
114.631,115.5313194804918,-0.9003194804918024
118.074,118.46339758899963,-0.3893975889996284
113.575,112.55252355184277,1.022476448157235
119.699,119.7160928947398,-0.01709289473980391
118.173,118.71297039434148,-0.5399703943414806
92.9449,93.06492243937709,-0.12002243937708101
122.993,122.31044753473024,0.682552465269751
91.121,91.31993592740089,-0.19893592740089616
94.9942,93.79486194798247,1.1993380520175378
91.9087,91.26487445023818,0.6438255497618144
82.9784,82.05353353614956,0.9248664638504351
101.357,100.7541915281067,0.6028084718932973
126.238,126.66677647919693,-0.42877647919692663
118.419,117.5257532587771,0.8932467412228959
118.204,118.11333740983865,0.09066259016134381
101.575,101.38411787753476,0.19088212246523995
116.216,116.46786983784487,-0.25186983784487893
119.445,118.57656596196856,0.8684340380314381
92.1046,91.94162012792741,0.16297987207259723
91.5863,91.18538674324716,0.40091325675282974
95.0736,93.4353675142134,1.6382324857866024
133.351,132.5894234936052,0.761576506394789
80.2416,81.30676938385828,-1.0651693838582759
123.213,123.26316398485213,-0.05016398485213358
85.0476,85.90199757262401,-0.8543975726240092
120.102,119.86422717662975,0.23777282337024985
93.6289,92.93820214567548,0.6906978543245259
127.592,128.3752227949638,-0.7832227949638053
76.6612,77.04449443258288,-0.3832944325828862
89.0769,87.98281901593697,1.0940809840630266
97.7964,96.86167535857906,0.9347246414209422
71.7587,74.29407762162901,-2.53537762162901
132.657,132.10918672516172,0.5478132748382905
118.264,117.90879895380851,0.35520104619148185
72.7359,75.11517114427696,-2.379271144276956
136.06,136.35780335634757,-0.29780335634757193
81.7471,81.45044375805867,0.296656241941335
73.3828,74.1855795019654,-0.8027795019654036
101.334,100.00303711835245,1.330962881647551
108.292,107.2674204396402,1.024579560359797
102.217,100.66397467470628,1.5530253252937172
123.598,123.42570211866509,0.17229788133491297
133.52,135.53760499496946,-2.017604994969446
122.894,122.72802921152383,0.16597078847617297
103.842,103.80586184153802,0.03613815846198065
78.9445,79.38038241275085,-0.4358824127508427
132.987,132.7227262669679,0.26427373303209833
116.393,116.93519201172008,-0.5421920117200756
128.89,128.8366527900582,0.05334720994179065
99.4409,98.85156368424832,0.5893363157516802
112.648,111.9828165363077,0.6651834636923013
130.6,129.3551476531822,1.2448523468177939
111.918,112.29145502328342,-0.3734550232834124
74.3917,75.17898120256997,-0.7872812025699716
74.9394,75.96495262183298,-1.025552621832972
120.96,120.04433270516977,0.9156672948302287
106.788,105.96754419162748,0.8204558083725146
134.892,134.62975019276848,0.2622498072315125
94.3479,93.41820202066177,0.9296979793382292
94.9073,94.61521663420297,0.29208336579704053
120.727,121.03550143027138,-0.30850143027137733
104.737,103.6194231404268,1.117576859573191
122.101,121.40693035040475,0.6940696495952494
98.0107,97.12980401492472,0.8808959850752842
126.106,126.2620626119674,-0.1560626119673998
98.8897,97.98195112418959,0.9077488758104124
132.251,131.42226469652925,0.8287353034707508
110.877,109.86944347358033,1.0075565264196626
76.8213,77.02645784400954,-0.20515784400954828
79.7515,79.76471368372236,-0.013213683722369751
130.338,131.69954206187282,-1.3615420618728251
123.341,122.45764363226563,0.8833563677343648
122.042,121.47321520970429,0.5687847902957088
119.227,119.03412043953323,0.19287956046677834
82.9736,84.88562154910021,-1.9120215491002028
136.789,138.30646767862663,-1.5174676786266446
118.398,118.28806270375271,0.10993729624728132
139.063,139.55382131629963,-0.49082131629964465
113.998,113.45214609213546,0.5458539078645401
97.6471,97.09629197796906,0.5508080220309353
116.503,116.46307753752163,0.03992246247837272
100.081,99.20916659318657,0.8718334068134368
107.31,106.57741849384388,0.7325815061561229
128.404,128.05148034652004,0.35251965347995906
135.843,135.60678216619752,0.23621783380247052
89.9,89.6141903120291,0.2858096879709109
87.8955,87.89462995877162,0.000870041228381524
84.7661,84.0095921998704,0.7565078001295973
80.4696,79.60991077133035,0.8596892286696516
135.262,134.7877539578706,0.47424604212940835
99.3953,98.98512537255965,0.41017462744035527
106.866,106.38748424545327,0.47851575454673423
96.8731,96.44222104306753,0.43087895693246026
121.905,120.90038962443923,1.0046103755607732
115.265,114.38027731710382,0.8847226828961823
92.278,93.39402728493398,-1.1160272849339776
77.083,77.57536503559001,-0.4923650355900122
131.563,131.03070868191477,0.532291318085214
89.4649,88.9772319384746,0.48766806152539743
102.016,101.04001913404053,0.9759808659594711
125.154,125.64199177095708,-0.48799177095708046
102.19,101.13662034411003,1.0533796558899695
91.5485,90.83322997998158,0.7152700200184228
101.215,100.55637713421982,0.6586228657801882
116.998,116.04725622180995,0.9507437781900592
80.5275,80.33618271148643,0.19131728851357366
84.8084,84.26035119335405,0.5480488066459515
122.156,124.51537865796924,-2.3593786579692306
69.2852,70.53404762268887,-1.2488476226888707
125.938,126.6278990048421,-0.6898990048421041
129.891,130.82463885254353,-0.9336388525435382
107.81,106.76371433224494,1.0462856677550576
102.768,101.73717147562367,1.0308285243763322
90.0184,90.10095657143725,-0.08255657143725159
137.95,139.07364071128367,-1.1236407112836844
93.6855,93.42166723917369,0.26383276082631824
70.8916,74.49121732919896,-3.5996173291989635
85.7644,85.15154757437344,0.6128524256265564
93.4275,92.96511235208268,0.4623876479173106
105.288,103.73374161101123,1.554258388988771
91.7021,90.5785324193609,1.1235675806391043
115.761,115.62367497655046,0.13732502344953446
85.8458,85.85604685666111,-0.010246856661112247
120.388,119.50289429410837,0.8851057058916325
109.624,110.29768563642826,-0.6736856364282602
76.1275,77.62298211680988,-1.4954821168098817
83.6342,83.79991125495317,-0.16571125495316608
76.3742,77.21775465173612,-0.8435546517361132
98.5903,97.6898086346192,0.9004913653808018
109.768,109.11952600536517,0.648473994634827
114.167,113.31975007162876,0.8472499283712409
106.443,106.27253800091103,0.17046199908897108
113.31,112.88685019907996,0.4231498009200436
80.4409,81.1619981627083,-0.7210981627083015
80.003,81.80555652303326,-1.8025565230332603
108.47,107.51451480515618,0.955485194843817
109.128,108.53150355901056,0.5964964409894407
86.9972,86.58714746225233,0.41005253774767425
72.3193,75.07855735570617,-2.7592573557061684
111.78,110.75394640434783,1.0260535956521721
121.842,122.57413144044435,-0.7321314404443484
109.903,110.66798026217458,-0.7649802621745749
69.2834,69.32785794429313,-0.04445794429312855
139.471,138.98656544138805,0.4844345586119516
82.7341,85.69159326714025,-2.9574932671402507
120.049,121.33606054975203,-1.2870605497520273
80.1347,80.97284279641127,-0.838142796411276
126.823,127.42808153043669,-0.6050815304366921
73.3882,74.31962960514616,-0.9314296051461639
113.074,112.2324587070692,0.841541292930799
64.866,66.08533358592693,-1.2193335859269325
135.48,135.04384800543934,0.436151994560646
93.5532,93.42570429747963,0.12749570252037756
122.433,123.21961912928595,-0.7866191292859384
113.173,113.66634794369186,-0.49334794369185886
112.583,112.32665570751774,0.2563442924822539
102.241,101.63721009652201,0.6037899034779883
120.112,119.30365276692746,0.8083472330725385
139.382,138.91381060083089,0.4681893991691197
73.067,74.62152119446137,-1.5545211944613726
86.9806,87.86211411041478,-0.8815141104147841
106.124,104.99092903948322,1.1330709605167755
100.957,101.4879608664982,-0.5309608664982051
133.495,133.2268625467522,0.26813745324781735
101.715,100.76409705397944,0.9509029460205625
128.506,128.28335165233483,0.22264834766517083
134.17,133.89277648502895,0.27722351497104114
89.6675,89.36585299541531,0.3016470045846944
93.5411,93.10772106035874,0.4333789396412584
117.78,117.59917221448598,0.18082778551402612
114.609,115.24014546446443,-0.6311454644644385
98.4984,97.44691668147507,1.0514833185249302
93.386,93.0826602515755,0.3033397484244915
84.0274,83.73968596869628,0.28771403130372164
130.161,130.62011766434,-0.459117664339999
107.875,107.86423955865156,0.010760441348438121
122.944,123.505348022411,-0.5613480224109964
127.779,127.09569376851317,0.6833062314868243
105.708,105.39159426328611,0.3164057367138895
74.4205,76.08865820931148,-1.6681582093114713
73.8449,74.71526110872121,-0.8703611087212124
120.622,120.22477857317115,0.39722142682884964
88.2613,88.07571509331034,0.18558490668966954
64.2904,64.35971114984888,-0.06931114984887188
99.362,100.000485833556,-0.638485833556004
119.665,119.05206136970916,0.6129386302908415
127.404,128.34465608729136,-0.9406560872913587
137.202,137.91837946384794,-0.716379463847943
90.187,90.75355030080563,-0.5665503008056305
81.1158,82.74612524451192,-1.6303252445119227
137.934,137.0277167623573,0.9062832376426968
116.563,116.35357634722045,0.20942365277954877
74.2592,75.38238680241692,-1.1231868024169103
101.631,100.46867533595608,1.162324664043922
124.841,125.86490021794766,-1.02390021794767
90.1467,89.52519720162009,0.6215027983799075
92.701,91.44656066359344,1.2544393364065485
127.769,127.2298723465511,0.5391276534489009
102.449,101.45704168994793,0.9919583100520697
120.036,119.89770112264152,0.1382988773584799
128.94,130.59498750612985,-1.6549875061298565
74.8533,76.13239329061192,-1.279093290611911
93.0871,92.80692880730136,0.28017119269864565
111.05,110.85885841763523,0.19114158236476442
107.91,108.06463631235819,-0.15463631235819264
125.187,124.53102713983351,0.6559728601664858
114.971,114.23258023693027,0.7384197630697287
95.5362,94.29988590820808,1.236314091791911
78.2046,78.83247171609872,-0.6278717160987242
113.506,113.35816611622407,0.14783388377593099
93.0704,92.29069315914542,0.7797068408545869
126.846,126.730449873064,0.1155501269360002
82.4201,82.68709206060645,-0.2669920606064409
102.307,101.30431538732792,1.002684612672084
121.312,120.6274193907361,0.6845806092639037
127.854,127.3615395474153,0.4924604525846945
94.2822,94.17904015328948,0.10315984671052547
124.533,124.05449965702526,0.47850034297474053
126.109,128.31372869144187,-2.204728691441872
81.3782,81.50160391891595,-0.12340391891594038
78.333,78.65326147640359,-0.32026147640358715
108.468,107.1681889642928,1.299811035707208
124.706,125.38595337209348,-0.679953372093479
123.513,123.58592866430544,-0.07292866430543654
110.675,109.63991274693718,1.0350872530628124
126.427,127.364222450111,-0.937222450110994
129.562,130.65272408129,-1.0907240812899772
126.969,126.46021174893497,0.5087882510650275
103.392,104.01656394859756,-0.6245639485975687
136.076,137.7826220473176,-1.7066220473176088
127.588,128.9011976996127,-1.313197699612715
115.096,115.68884320732242,-0.5928432073224172
114.534,114.69166824758564,-0.15766824758563303
84.6362,86.2949807182936,-1.658780718293599
97.0173,96.39249025249407,0.6248097475059353
102.693,101.93149326775897,0.7615067322410312
81.0027,82.03763535308421,-1.034935353084208
68.2274,71.65130063983112,-3.4239006398311176
83.8546,83.25706975202127,0.5975302479787388
106.786,105.60206217599607,1.1839378240039338
94.0404,93.54690343848488,0.4934965615151299
113.189,113.70485786860496,-0.515857868604968
92.6596,93.19701972356424,-0.5374197235642413
106.466,107.03885549449755,-0.5728554944975599
135.584,136.2713257558629,-0.6873257558629007
83.3635,83.11859871112138,0.24490128887862284
133.288,133.58051746129576,-0.29251746129574485
135.767,136.60081166221806,-0.8338116622180678
131.313,131.95493320865407,-0.6419332086540805
120.614,121.38888758070617,-0.7748875807061637
103.242,102.7233906436024,0.5186093563976044
83.0475,82.36494053368646,0.6825594663135348
130.106,130.24008191296787,-0.13408191296787209
128.744,128.817764364258,-0.07376436425801103
79.3881,78.19774612716537,1.1903538728346206
70.6161,71.80758815373245,-1.1914881537324504
108.585,108.58408332647996,0.0009166735200381027
81.6292,81.65368783965364,-0.024487839653644983
135.377,136.0697774491631,-0.6927774491630885
114.939,114.99379367601146,-0.05479367601147089
105.827,105.84247915935072,-0.015479159350718419
108.722,107.61368835891669,1.1083116410833043
128.746,128.60040702582177,0.14559297417824268
105.183,103.85260692066632,1.3303930793336889
129.042,127.82604703643753,1.2159529635624722
119.719,121.07105935243445,-1.352059352434452
85.7158,85.54690285159307,0.16889714840692704
94.5236,94.99313114276917,-0.46953114276917063
114.605,114.21312814556026,0.39187185443974215
78.3257,78.76526293895179,-0.439562938951795
98.0139,97.86241197689124,0.15148802310876874
112.325,112.19442750237933,0.13057249762067613
80.0157,80.89786127816673,-0.8821612781667341
131.737,133.30281956319837,-1.5658195631983745
120.712,120.08148017951076,0.6305198204892406
115.125,114.5803192912018,0.5446807087981966
105.692,107.15212119426685,-1.4601211942668613
80.2211,81.16408500377693,-0.9429850037769256
137.553,138.7446507063166,-1.191650706316608
132.782,132.7584285375865,0.023571462413514155
116.255,115.69886854501547,0.5561314549845235
95.8859,95.63387646424505,0.25202353575495806
81.9241,82.54891239329625,-0.6248123932962528
115.346,114.55301027879321,0.7929897212067942
101.12,100.37039892715218,0.749601072847824
111.868,112.20166165205279,-0.33366165205279685
128.682,129.69663667979407,-1.01463667979408
91.1737,91.67108764092485,-0.4973876409248561
102.312,102.17576967319035,0.13623032680965252
120.63,120.23613704048587,0.39386295951412365
83.4294,83.04869707438567,0.3807029256143295
136.772,138.69893642098145,-1.9269364209814626
110.219,109.84105511326769,0.3779448867323083
87.7187,88.34720206752942,-0.6285020675294248
123.94,123.52699219797914,0.4130078020208572
84.2641,84.03859049685589,0.2255095031441101
111.591,111.25680475825777,0.33419524174222204
110.657,109.91939315945888,0.7376068405411189
139.884,139.99312783673855,-0.10912783673856552
119.704,119.02536337242137,0.6786366275786264
128.41,128.79385581070625,-0.3838558107062511
134.015,136.00864949530137,-1.9936494953013835
131.995,132.96545125484363,-0.9704512548436242
127.075,127.08950766563409,-0.014507665634084788
78.4936,79.29410021508026,-0.8005002150802625
85.1796,86.10482474921102,-0.9252247492110257
122.904,122.7461017400308,0.15789825996920115
86.2924,85.79875147781809,0.493648522181914
94.5466,93.26930776568476,1.2772922343152402
135.575,135.33177992932607,0.24322007067391382
111.833,111.92560068073976,-0.09260068073976413
115.236,116.27252457489358,-1.0365245748935763
102.105,100.8503026021285,1.2546973978715101
120.882,120.17274348081926,0.709256519180741
84.6982,84.072172487104,0.6260275128960018
139.132,137.04439921101883,2.0876007889811774
98.9998,98.73280912708714,0.2669908729128565
100.546,100.11661120043168,0.4293887995683292
91.3503,89.98906682346365,1.3612331765363592
89.788,88.88269867392651,0.9053013260734843
87.6095,89.61726531062,-2.0077653106200017
85.8082,86.76883400491901,-0.9606340049190152
131.132,131.8488624972053,-0.7168624972052839
135.298,134.56894961190335,0.7290503880966526
133.446,133.8785079085783,-0.4325079085783159
82.4762,83.83490254399875,-1.3587025439987457
79.1745,79.67189177397475,-0.49739177397475487
131.327,131.83851618297393,-0.511516182973935
104.277,103.30154056429991,0.9754594357000883
96.7709,96.8660216798356,-0.09512167983560005
104.251,103.11829490612809,1.1327050938719196
74.7962,76.12077304022507,-1.3245730402250757
88.7811,88.16660254831469,0.6144974516853097
131.911,133.69480133648761,-1.7838013364876133
136.523,136.04028475840258,0.4827152415974183
98.7971,97.98372336955396,0.8133766304460437
76.2936,77.30553193803725,-1.0119319380372502
137.799,139.04439260174271,-1.245392601742708
118.565,119.0244314154391,-0.4594314154390986
91.2342,90.2727866449677,0.9614133550323061
129.483,130.62036847429624,-1.1373684742962382
109.092,108.20384198377387,0.8881580162261287
128.239,129.38807209402563,-1.1490720940256267
80.9405,80.6087705237858,0.3317294762142069
104.09,103.49753937427218,0.5924606257278242
123.21,122.52184260585635,0.6881573941436443
129.79,131.4607650862881,-1.6707650862880996
119.2,118.2304057609075,0.9695942390925012
112.459,111.51878352729025,0.94021647270975
125.671,126.07927354610294,-0.408273546102933
83.4449,83.69434379214778,-0.24944379214777257
104.236,104.84410815312594,-0.60810815312594
82.9882,82.12441812406774,0.8637818759322613
82.5011,81.80217500850775,0.6989249914922482
114.379,114.44610385108221,-0.06710385108220862
119.241,118.61951332647386,0.6214866735261353
111.161,110.08412386437894,1.0768761356210632
121.993,122.93835984625117,-0.9453598462511792
71.7103,72.59264613371549,-0.8823461337154868
95.3629,95.549487493086,-0.18658749308600875
82.4745,82.84602293273787,-0.37152293273786086
94.5831,93.35034724612332,1.2327527538766816
107.756,106.33293208756763,1.4230679124323729
83.0928,83.38409187995985,-0.29129187995985717
99.997,99.43598900614217,0.5610109938578347
128.059,129.10773610020084,-1.0487361002008413
95.8787,94.85194716877135,1.0267528312286487
93.0462,92.70775477797675,0.3384452220232532
100.964,99.48524729244124,1.4787527075587548
140.244,141.1466256671766,-0.9026256671766077
113.367,112.41761570282257,0.9493842971774313
84.5635,85.16236102913125,-0.5988610291312426
102.532,102.69565137600095,-0.16365137600095636
110.158,109.45223710042109,0.7057628995789145
120.796,120.19624058982755,0.599759410172453
103.909,104.25405080736346,-0.3450508073634495
87.9609,87.94780467932952,0.013095320670473143
104.428,103.5215123422385,0.9064876577615024
72.613,74.29722042559503,-1.6842204255950293
116.554,115.5565065547229,0.9974934452771009
93.7351,93.58591437862714,0.14918562137286528
116.737,116.59617059486831,0.14082940513168296
101.359,100.84529807043987,0.5137019295601277
95.3449,94.65894396684875,0.6859560331512427
121.112,121.61970526924515,-0.5077052692451502
84.1395,83.7543539307426,0.38514606925740225
104.463,103.3410976395967,1.121902360403297
131.571,131.8968705427433,-0.32587054274330285
95.1203,94.57864038415096,0.5416596158490421
102.608,101.94260740095814,0.6653925990418657
94.3531,93.60030264943961,0.7527973505603853
120.697,121.59181019180787,-0.8948101918078635
74.6863,76.26169790854621,-1.5753979085462078
121.948,121.80926503169702,0.13873496830296972
140.533,140.45303639488944,0.07996360511054945
131.536,131.57114088970891,-0.03514088970891294
131.63,131.41198383805906,0.21801616194093754
124.22,125.53867908548652,-1.3186790854865222
106.877,105.86657950305131,1.010420496948683
75.7645,78.09359126988105,-2.3290912698810473
84.6472,84.18398305810133,0.4632169418986649
82.8677,83.56867907223861,-0.70097907223861
121.175,120.87965220879407,0.295347791205927
133.304,132.8588905457052,0.4451094542947942
94.54,95.57281084503097,-1.0328108450309657
91.8582,91.18108855033562,0.6771114496643804
107.812,106.67153610385716,1.1404638961428333
86.1339,85.32546030807256,0.8084396919274326
95.2549,94.70101455755727,0.5538854424427342
103.189,103.39730775708522,-0.20830775708522253
121.92,121.74480605715839,0.1751939428416165
89.3307,88.15632084055957,1.17437915944042
130.092,131.29682872449078,-1.204828724490767
78.2249,78.33380743425805,-0.10890743425804317
109.163,109.18961385938236,-0.02661385938236549
129.7,130.37005595218838,-0.6700559521883918
101.172,100.07378535851134,1.0982146414886529
118.087,118.01006837298688,0.07693162701312417
66.1236,68.64727267300844,-2.5236726730084484
124.462,124.04259554116472,0.4194044588352881
103.485,103.05365679759255,0.4313432024074473
111.665,111.3135298899671,0.3514701100329063
106.544,105.43605271650492,1.1079472834950792
84.4582,83.2585774631273,1.1996225368727096
133.167,132.53238682419166,0.6346131758083402
126.227,124.75465251919339,1.4723474808066186
82.7326,83.12788079580854,-0.3952807958085316
116.511,115.71770544874317,0.793294551256821
124.627,125.34102670761234,-0.7140267076123479
97.5971,97.95357743067717,-0.35647743067717386
133.669,133.38235666578674,0.2866433342132666
126.189,126.38074482707879,-0.19174482707879292
125.218,125.44029803642256,-0.22229803642255774
85.5486,87.06850453394674,-1.5199045339467432
105.263,104.09652630910628,1.1664736908937243
137.136,137.55866660606003,-0.4226666060600337
108.76,107.78184090512464,0.978159094875366
117.979,117.03474550912634,0.9442544908736608
131.239,131.1346297566621,0.104370243337911
116.097,116.17744480314916,-0.08044480314916314
118.907,118.66161883554943,0.24538116445056346
89.1439,88.15879142489906,0.9851085751009379
135.062,135.80626416453092,-0.7442641645309038
93.2034,93.3176882202623,-0.11428822026229568
83.5335,84.4173413977205,-0.8838413977205022
117.901,117.61246467028094,0.2885353297190534
88.9685,89.17719195607955,-0.20869195607954794
128.161,129.08874838764874,-0.9277483876487338
98.718,97.41430919262496,1.3036908073750482
106.063,105.36066979749685,0.7023302025031484
132.438,132.1265041068016,0.31149589319838356
124.689,124.07985931825053,0.6091406817494658
93.683,92.35182621492964,1.3311737850703622
94.0791,93.27103655636779,0.8080634436322072
122.776,122.56750367401354,0.2084963259864594
74.5597,75.73329120796957,-1.1735912079695652
85.5132,85.98073701143822,-0.4675370114382247
130.224,128.9404797941012,1.2835202058987818
100.807,100.50371451437907,0.3032854856209326
100.453,99.20377414597152,1.2492258540284809
121.56,120.88478682904797,0.6752131709520341
121.657,121.99091056259562,-0.33391056259561935
87.0451,88.18852782226648,-1.1434278222664744
113.337,112.96235864569519,0.3746413543048135
97.7923,97.39261440306169,0.39968559693831196
89.0394,88.22749587345159,0.8119041265484128
110.074,109.7848265151326,0.2891734848674048
137.923,138.35416628592003,-0.43116628592002826
126.957,127.73605072511594,-0.7790507251159511
120.535,121.25403257418586,-0.7190325741858601
93.2754,92.25077544496826,1.0246245550317497
134.731,135.1212107254818,-0.3902107254818077
108.19,107.53380074488696,0.6561992551130373
116.284,115.5345029391349,0.7494970608651101
76.8298,78.20366181225057,-1.373861812250567
106.253,105.23157715426674,1.0214228457332553
98.8547,98.38355380143699,0.4711461985630052
125.19,125.01128129082124,0.178718709178753
78.9647,78.64326414211038,0.32143585788961104
116.637,115.78680867693372,0.8501913230662836
126.131,125.73017577142107,0.4008242285789265
128.216,129.36218459715536,-1.1461845971553544
120.819,120.43404428141035,0.3849557185896515
104.525,104.14083213599675,0.38416786400325975
131.129,131.15719198381152,-0.028191983811524324
136.446,136.33671569381758,0.10928430618241691
88.1153,87.91235372522254,0.2029462747774602
113.712,112.82124669144144,0.8907533085585584
135.091,134.94542492853108,0.1455750714689259
127.56,128.39539068084517,-0.8353906808451654
124.172,123.98029931676795,0.19170068323204248
129.554,129.35185830830432,0.20214169169568663
81.3097,81.53661165115079,-0.22691165115078604
88.3274,88.35852404191496,-0.031124041914964096
139.524,138.39431649340958,1.1296835065904247
78.4202,79.03455392562677,-0.6143539256267729
109.144,108.93235676561831,0.21164323438169674
121.029,120.31661755400644,0.7123824459935548
110.198,110.67972885546651,-0.481728855466514
116.273,115.90715294796311,0.3658470520368837
83.2691,83.6281340340538,-0.3590340340538063
84.887,83.66836543371333,1.218634566286667
107.927,108.18718552532455,-0.26018552532454464
126.356,125.5331889600136,0.8228110399863908
81.983,83.23487313236578,-1.2518731323657732
137.713,135.9071802692126,1.805819730787391
91.8998,91.51051881792495,0.38928118207505236
140.399,142.28043728351548,-1.8814372835154813
123.189,122.79729045905287,0.39170954094711874
124.281,125.95584592863547,-1.674845928635463
108.126,108.23726667089215,-0.11126667089214948
125.352,126.44208536972526,-1.0900853697252586
133.923,135.60956375761197,-1.6865637576119639
129.413,129.64495587342083,-0.2319558734208158
91.217,90.64495668829724,0.5720433117027568
119.355,118.33713457879755,1.0178654212024583
137.64,137.78566940659798,-0.14566940659798888
101.906,102.25012495876986,-0.3441249587698536
136.305,136.89234684520972,-0.5873468452097086
89.2613,90.29237892255301,-1.0310789225530073
100.913,100.94310704320455,-0.030107043204552042
87.3236,86.68658021854577,0.637019781454228
129.786,129.35816973722783,0.42783026277217573
128.88,128.75728396483518,0.12271603516481377
96.7527,96.87233219925757,-0.11963219925756619
72.0019,73.88531520318818,-1.8834152031881786
110.275,109.49108174714509,0.7839182528549173
127.011,126.64734453456593,0.36365546543406424
107.578,108.58894121314516,-1.0109412131451592
104.966,104.68559617541575,0.2804038245842406
99.5763,99.60002220887215,-0.023722208872143824
136.096,136.92040090143044,-0.8244009014304368
97.6903,96.29455684676118,1.3957431532388114
92.771,92.7303363055145,0.04066369448550233
115.335,115.1438478944866,0.191152105513396
90.7362,91.52587769768128,-0.7896776976812845
119.44,119.13667930327364,0.30332069672635953
133.3,133.03891980422364,0.26108019577637265
99.7804,98.8269819343005,0.9534180656994948
83.3731,83.23893879392041,0.13416120607958248
73.0622,74.24868121061702,-1.1864812106170177
120.7,120.73461513870056,-0.0346151387005591
123.771,124.15076545388101,-0.37976545388100647
97.7179,98.80113903390827,-1.0832390339082707
96.4742,95.35145617312452,1.1227438268754781
114.048,113.77897920016763,0.2690207998323757
71.0022,72.3030738984196,-1.3008738984195958
107.551,106.56115706229112,0.989842937708886
86.0832,86.3015523834103,-0.2183523834102914
119.565,119.86001179746212,-0.2950117974621236
128.156,128.24190882744674,-0.08590882744672967
110.548,110.83211687591658,-0.2841168759165811
119.752,118.98506410216572,0.7669358978342729
86.1506,87.34999330573274,-1.199393305732741
111.768,111.1892364472204,0.5787635527796056
111.165,111.3274954846567,-0.16249548465668795
135.448,134.9137477531426,0.5342522468574202
108.625,108.95515024320622,-0.33015024320621933
102.791,101.62244612010463,1.16855387989537
94.405,93.7947308586098,0.610269141390205
116.587,116.46564789919474,0.12135210080526804
102.03,101.12498761677925,0.9050123832207504
93.3292,92.89168360768363,0.4375163923163683
105.584,104.36982119740895,1.21417880259105
135.52,134.3925655088567,1.1274344911433047
111.829,110.99478903526615,0.8342109647338418
137.743,139.06693177666384,-1.3239317766638408
132.339,132.50180499596686,-0.16280499596686582
103.072,102.3590488955644,0.7129511044356036
80.457,82.10424293361861,-1.6472429336186138
108.979,107.92795605935439,1.051043940645613
80.3611,79.1911027486642,1.1699972513357864
78.4267,78.72017368576752,-0.2934736857675233
120.044,119.75962853688304,0.2843714631169547
95.111,94.99368956008168,0.11731043991832735
84.6533,84.28144470829419,0.37185529170581333
130.628,130.15022210797082,0.47777789202916665
110.267,109.94759625664706,0.319403743352936
131.075,132.4798668330966,-1.4048668330966052
132.884,132.50210298803447,0.3818970119655205
126.042,126.70988285578741,-0.6678828557874112
69.6387,70.0641177031142,-0.42541770311420635
91.8596,90.7854596550614,1.0741403449385984
120.412,119.35486995098609,1.0571300490139208
75.6211,77.60012079607007,-1.979020796070074
74.935,76.09373765755981,-1.1587376575598114
99.1769,98.33434565840122,0.8425543415987846
113.061,112.00596365890432,1.0550363410956862
127.59,127.48563127083457,0.10436872916542939
128.895,129.48058641888147,-0.5855864188814621
94.786,94.71786565377542,0.06813434622458203
103.516,102.3101109518431,1.2058890481569051
131.587,131.52079037556467,0.06620962443531653
117.965,118.14032868204066,-0.1753286820406572
94.2328,94.14560566240239,0.08719433759760875
134.035,134.32068297543293,-0.28568297543293397
71.8883,72.43643674658658,-0.5481367465865787
126.404,128.48673609744685,-2.0827360974468547
109.738,109.01152146928135,0.7264785307186514
120.003,120.73638179744685,-0.7333817974468531
116.018,115.06624819839634,0.9517518016036632
114.523,114.04089901667886,0.48210098332113205
99.2457,98.74895440097885,0.49674559902115334
116.513,116.27135703510947,0.24164296489053072
119.253,118.36402196358087,0.8889780364191324
111.915,113.05121490654258,-1.1362149065425768
119.97,121.65905802618775,-1.6890580261877517
111.008,110.9283342273716,0.07966577262840246
133.194,134.47093774127498,-1.2769377412749918
85.2784,86.23890591688358,-0.9605059168835766
86.8538,86.71992733447902,0.13387266552098254
87.4066,87.19604448037452,0.2105555196254727
69.0117,70.1103541659625,-1.0986541659625004
113.13,114.81384741207448,-1.6838474120744849
132.798,132.6956048293614,0.10239517063860148
84.9653,86.3490553237599,-1.3837553237598996
126.028,125.80562837711349,0.2223716228865129
128.652,128.3420843220932,0.30991567790678687
79.639,80.37774544923269,-0.7387454492326953
125.776,125.7190594989379,0.056940501062101134
84.555,84.90834967720613,-0.35334967720612553
106.463,106.41542949374968,0.04757050625030956
101.082,102.00634190970136,-0.9243419097013685
94.5434,94.16889370657553,0.3745062934244743
119.132,119.19025374802185,-0.05825374802184058
112.7,111.73155164957963,0.968448350420374
108.64,108.90059163414051,-0.26059163414051056
122.926,122.35517800830276,0.5708219916972439
77.6454,78.72382255965876,-1.0784225596587618
92.395,91.05838778536499,1.3366122146350108
138.26,138.90217123007554,-0.6421712300755473
87.7481,87.67763130760983,0.07046869239016473
75.2741,77.0110735826493,-1.7369735826492985
100.313,100.36574040995075,-0.05274040995074358
89.2732,88.33711245521593,0.9360875447840726
113.726,114.0517457969336,-0.32574579693360306
126.211,125.93168856863348,0.2793114313665228
86.5526,86.12471641651968,0.4278835834803232
80.6125,80.73999878463559,-0.12749878463559128
131.26,132.11698653845067,-0.8569865384506841
88.5982,89.82285425430452,-1.224654254304511
86.9289,86.97913223683041,-0.05023223683041067
87.2487,89.1679060865236,-1.9192060865236016
114.876,114.30985732910791,0.5661426708920914
106.613,105.737476666756,0.8755233332440042
120.794,121.94021084614606,-1.1462108461460616
132.155,132.0139503200822,0.14104967991781336
94.1762,93.50381351665813,0.6723864833418673
85.6072,84.91602088915758,0.6911791108424268
105.555,105.08479788548605,0.47020211451395255
134.503,135.42831324754005,-0.9253132475400605
88.6224,87.67777972281007,0.9446202771899266
135.798,136.0369460204361,-0.2389460204360887
125.827,126.35589696857483,-0.528896968574827
87.6056,87.33611714405382,0.2694828559461797
117.356,118.68251790931394,-1.3265179093139494
117.829,117.73089066990691,0.09810933009308087
130.6,129.9843895272594,0.6156104727405989
127.433,127.00763005647688,0.42536994352312263
93.5503,92.92083600157396,0.6294639984260328
138.144,139.0090572974396,-0.8650572974395914
128.499,128.37078501702078,0.12821498297921607
96.2652,95.68758937987403,0.5776106201259665
123.295,125.50295281014158,-2.2079528101415775
104.884,105.0067960280096,-0.12279602800960276
132.85,132.7101179046843,0.1398820953156985
80.4245,81.00123308557501,-0.5767330855750146
102.766,103.93071292312435,-1.1647129231243412
132.099,132.09039630495133,0.008603695048662985
121.939,124.00131037007354,-2.062310370073547
113.283,112.7441770191344,0.5388229808656035
137.545,137.44363950464034,0.10136049535964275
72.8974,74.06444091632991,-1.1670409163299098
114.248,114.37365156533805,-0.1256515653380461
134.94,134.62476103516448,0.3152389648355154
133.439,134.4926796915457,-1.0536796915457103
115.011,114.03591359127104,0.9750864087289557
90.4852,89.73143722592853,0.7537627740714754
124.759,124.37036806996893,0.38863193003106744
101.975,101.3783620716852,0.5966379283147916
123.473,125.6242010027959,-2.1512010027959008
118.935,118.74778281274403,0.1872171872559676
71.9038,73.0160682879322,-1.1122682879321957
135.216,134.82965325527306,0.38634674472694996
112.469,111.72509160647098,0.7439083935290114
137.724,138.8897100521881,-1.1657100521881034
130.928,131.2275389026832,-0.29953890268319583
130.559,130.9871440129966,-0.4281440129965972
101.901,101.24862384846638,0.6523761515336162
115.752,114.97903320588054,0.7729667941194549
137.328,136.62179083145637,0.7062091685436371
99.104,99.51729522408144,-0.4132952240814376
81.6107,81.80029474885679,-0.18959474885679128
127.068,126.27077991368273,0.7972200863172674
98.4224,97.65666530080928,0.7657346991907161
94.2551,93.10108979682792,1.1540102031720778
82.6186,82.36169308472101,0.25690691527898935
131.327,133.31890465729532,-1.991904657295322
97.3719,96.0040836491708,1.3678163508292016
103.279,103.86961325482476,-0.5906132548247598
139.017,138.83637225387218,0.1806277461278114
104.595,103.79667495665312,0.7983250433468783
109.821,109.88877950521116,-0.06777950521116338
108.765,108.71093884548716,0.054061154512837106
81.8613,82.66812736805055,-0.8068273680505484
78.4652,78.50177436005998,-0.03657436005998704
74.4096,76.00113617984591,-1.5915361798459173
130.731,130.7874430174621,-0.0564430174621009
101.812,101.58536602912991,0.22663397087008263
135.875,135.88333330128853,-0.008333301288530492
112.386,112.42673199974968,-0.040731999749681336
110.796,110.0992573159014,0.6967426840986093
120.422,120.54026099221353,-0.11826099221353559
135.609,136.3357995044669,-0.7267995044668965
86.8309,86.08005292479565,0.7508470752043479
127.579,126.98137978507175,0.5976202149282415
106.96,105.66880057108119,1.2911994289188016
128.841,129.00929992432413,-0.168299924324117
98.9829,98.98954823861577,-0.0066482386157673545
105.908,104.73706856787109,1.17093143212891
114.185,114.17230441286641,0.012695587133592312
86.5926,86.69236945864147,-0.09976945864146103
88.2495,87.83674738961147,0.41275261038852307
85.9236,85.439888693641,0.48371130635899817
127.274,126.42306200259068,0.8509379974093179
86.1133,85.44309528036628,0.6702047196337162
106.317,104.66561205405125,1.6513879459487413
86.2785,86.20884885308128,0.06965114691871577
90.7151,91.84993742592337,-1.1348374259233651
89.4008,89.0412086921805,0.35959130781949966
95.9235,94.76082565861337,1.1626743413866336
92.2129,91.42058556927016,0.7923144307298458
95.0759,96.7451607241191,-1.6692607241190984
125.111,127.18787247548653,-2.0768724754865246
127.405,127.99235191886275,-0.5873519188627512
86.892,85.93932527521052,0.9526747247894747
95.9683,95.10196993302431,0.8663300669756921
125.793,125.53984967812032,0.2531503218796871
135.202,136.338664562278,-1.136664562278014
80.542,81.23646329475913,-0.6944632947591316
106.238,105.26928234099238,0.9687176590076234
83.2135,82.47094965037593,0.742550349624068
113.437,113.15640486673702,0.28059513326297747
107.228,105.63092276615517,1.5970772338448285
103.264,102.57474465140311,0.6892553485968875
92.2895,92.28934058574467,0.00015941425533583242
92.0471,90.60673262691584,1.4403673730841575
112.953,112.98838731241507,-0.035387312415068095
97.74,96.79159885613191,0.9484011438680824
93.1382,93.22059764793705,-0.08239764793705717
78.0015,77.3395297399288,0.6619702600711861
111.377,112.38222887174396,-1.0052288717439666
123.063,122.60068767304367,0.4623123269563365
89.0693,90.41612941969069,-1.3468294196906925
92.9091,92.45777887525799,0.4513211247420088
120.682,120.41298240269046,0.2690175973095421
136.437,136.41298600526443,0.024013994735582855
94.1269,93.56472482888665,0.5621751711133527
114.239,113.27362894536542,0.9653710546345877
95.3797,95.72902076301501,-0.34932076301501525
106.853,105.26813680868362,1.5848631913163729
117.086,116.49818273514362,0.5878172648563833
71.0057,71.21749936264885,-0.21179936264884702
97.6776,96.91851130317836,0.7590886968216353
137.976,139.39909305289498,-1.4230930528949841
112.781,114.73903824975227,-1.9580382497522635
123.44,122.46971584380341,0.970284156196584
108.339,108.71438834664163,-0.37538834664162835
111.568,111.17902403392158,0.38897596607841933
119.651,119.58063792786314,0.07036207213685941
81.9036,82.06849156023289,-0.16489156023288842
84.4326,83.8217989555785,0.6108010444214926
112.86,112.64247446062797,0.21752553937203345
139.037,137.51486303263266,1.522136967367345
118.055,117.65163125774426,0.4033687422557506
111.796,110.98909915692965,0.8069008430703519
131.731,130.9582506119859,0.7727493880140912
131.055,132.23563997836692,-1.1806399783669121
99.6948,99.89621293024281,-0.20141293024281026
136.033,137.1005081235373,-1.0675081235373227
128.162,129.48717019102799,-1.3251701910279792
126.2,127.52945182060574,-1.3294518206057404
106.409,105.47523018292091,0.9337698170790958
136.865,136.85548213321815,0.00951786678186295
119.015,118.30434648511157,0.7106535148884348
139.186,139.40727539474636,-0.22127539474635682
132.46,132.6999038745886,-0.23990387458860596
84.4497,84.09801538048896,0.35168461951104746
112.105,111.14876710418882,0.9562328958111834
118.229,117.36786494063783,0.8611350593621694
111.885,112.24227781512222,-0.3572778151222167
121.711,121.01345044553297,0.6975495544670309
93.2663,92.4217334852613,0.8445665147387018
131.245,131.38419360987447,-0.13919360987446794
85.2616,85.23849809990054,0.023101900099462114
119.496,118.75554840036779,0.740451599632209
119.373,118.82008096076672,0.5529190392332879
113.571,113.4926729543447,0.0783270456552998
88.4896,87.97310372042415,0.516496279575847
96.9883,95.61901471301458,1.3692852869854164
139.254,141.1631620097216,-1.909162009721598
122.963,123.26796177674467,-0.30496177674467617
133.417,134.7831430256511,-1.3661430256510982
123.997,124.43710576870939,-0.4401057687093868
127.828,127.7450066864046,0.08299331359540929
124.253,125.45793445497318,-1.2049344549731842
99.5581,98.29438780654304,1.2637121934569535
98.001,96.27436216013986,1.726637839860146
112.907,111.94408704801974,0.9629129519802575
105.659,106.38759010969531,-0.728590109695304
110.658,109.73973355726147,0.9182664427385276
86.836,85.43767130269283,1.3983286973071642
74.2638,75.75586234764589,-1.4920623476458843
93.7229,92.52388884138905,1.1990111586109435
137.421,137.61082955570748,-0.18982955570749027
119.16,119.12237338340005,0.037626616599951035
82.0563,83.03288581159516,-0.9765858115951715
89.4088,88.72107417974108,0.6877258202589189
117.279,116.96294197138306,0.3160580286169363
108.504,107.59561984340964,0.9083801565903684
118.838,117.97848585666195,0.8595141433380462
92.9483,91.8722709773683,1.076029022631701
108.471,108.57629194616624,-0.10529194616623272
89.4985,88.64968640725584,0.8488135927441647
118.993,118.26155273813077,0.7314472618692207
99.5056,99.40766225174485,0.09793774825514845
73.5069,75.52557602554442,-2.0186760255444227
119.329,119.39770563059791,-0.06870563059791834
128.329,130.31061759084747,-1.9816175908474634
99.7242,100.23657789297225,-0.5123778929722533
138.324,137.24862881858672,1.0753711814132885
135.35,133.8552449458005,1.4947550541994872
128.059,126.79622035133025,1.2627796486697491
139.551,140.06008935660392,-0.509089356603937
92.6429,94.26121376675104,-1.6183137667510437
113.992,113.08979499912029,0.902205000879718
123.0,123.83672299629531,-0.8367229962953076
92.2307,92.04166372418977,0.1890362758102242
135.996,136.2259382259394,-0.22993822593937807
137.34,136.90797988018946,0.4320201198105451
139.636,140.0715867027411,-0.4355867027410909
75.866,77.44625556417228,-1.5802555641722762
137.406,137.0275101230576,0.3784898769424103
113.013,113.11939361959374,-0.10639361959373161
134.383,135.1305967090151,-0.7475967090150846
80.528,80.69031622134754,-0.1623162213475382
98.1193,98.03462134647316,0.08467865352683646
84.7174,84.05688465814366,0.660515341856339
117.13,116.33722275973739,0.792777240262609
127.717,127.23692419841072,0.48007580158927965
85.3875,84.6100910318643,0.7774089681357026
75.5496,76.42700026219966,-0.8774002621996573
78.3078,78.91184277202215,-0.6040427720221544
138.089,138.50325761164288,-0.41425761164288133
138.056,137.62525552566956,0.43074447433045293
99.8837,99.78599567692396,0.09770432307604437
116.01,115.25687196120583,0.7531280387941734
81.0447,81.23229176051724,-0.18759176051723614
115.846,114.84717386555839,0.9988261344416145
129.081,129.32990296902585,-0.24890296902586329
133.028,132.83594628758274,0.19205371241724833
107.208,107.33510771330683,-0.12710771330682746
90.1247,89.90000474692414,0.2246952530758648
81.8968,84.12705816626779,-2.230258166267788
79.3082,80.57248565008086,-1.2642856500808648
76.2618,76.32832463431873,-0.06652463431873912
112.515,112.64042572951377,-0.12542572951376485
93.9472,92.89739968203565,1.0498003179643405
73.8828,75.51967564094798,-1.6368756409479772
109.976,110.08682259738023,-0.11082259738023481
80.0285,81.28589910311824,-1.2573991031182459
103.306,102.00801811215914,1.2979818878408622
75.2014,77.29640359290289,-2.0950035929028843
98.4627,98.99792284224718,-0.5352228422471796
80.5749,81.36070612117724,-0.7858061211772451
106.398,105.9182133616443,0.4797866383556908
130.669,132.11476720579634,-1.4457672057963293
122.774,123.12816465142194,-0.3541646514219394
129.561,130.0399712908226,-0.47897129082258516
115.144,115.13923757888654,0.004762421113468918
109.422,108.3770565764972,1.0449434235028008
113.102,112.07579192768958,1.0262080723104248
132.39,133.3962853658762,-1.0062853658762094
129.914,129.43902070405224,0.47497929594774746
79.793,79.7566956217888,0.03630437821121291
135.727,136.66812999040548,-0.9411299904054715
136.384,137.40699904814,-1.022999048140008
116.288,116.83066719664575,-0.5426671966457519
98.232,100.6533246803478,-2.4213246803477944
101.416,100.34945820040723,1.0665417995927697
114.429,115.77097627058018,-1.3419762705801759
98.3329,98.78003745340042,-0.44713745340042976
78.3737,79.21716356534328,-0.8434635653432849
89.9805,90.34168114572167,-0.36118114572165894
109.2,109.35827735339997,-0.15827735339996707
72.2854,73.20383015774641,-0.918430157746414
100.469,100.94318882621283,-0.4741888262128384
71.7624,73.58424750057405,-1.8218475005740515
110.769,109.87039211688838,0.8986078831116231
119.981,118.66565604734437,1.315343952655624
79.7013,78.28350997875629,1.417790021243718
127.383,128.73594647348182,-1.352946473481822
90.2322,89.45621314723292,0.7759868527670903
85.3455,85.20162516643,0.14387483356999553
124.028,123.50797916727831,0.5200208327216984
130.75,130.03080259969715,0.7191974003028463
95.5378,94.70138723091092,0.8364127690890797
73.6815,74.54790411635697,-0.8664041163569749
90.8273,89.67329273797742,1.1540072620225743
127.928,127.47150243970509,0.4564975602949062
89.3164,89.58257260118899,-0.266172601188984
111.699,111.32925858721569,0.3697414127843075
122.799,123.17239134456779,-0.37339134456777856
102.547,101.4946882936231,1.0523117063768979
76.7843,77.40444954374655,-0.6201495437465496
116.102,115.6356047010328,0.4663952989671998
128.418,127.74586986691023,0.6721301330897802
98.9426,97.76824924517237,1.1743507548276284
102.482,102.74934083145683,-0.26734083145683485
114.715,113.7025648381513,1.0124351618486997
73.5919,74.83557525980629,-1.2436752598062952
78.4039,79.4643918168203,-1.0604918168203028
137.251,138.7373441092292,-1.4863441092292078
94.835,94.36980618942081,0.46519381057917997
74.6192,76.40445820974783,-1.7852582097478233
123.504,123.16987868304032,0.3341213169596813
130.589,130.35614486499225,0.23285513500775323
130.041,131.14727466022129,-1.1062746602212883
100.259,99.24992371445455,1.0090762855454471
90.963,90.71696034655487,0.24603965344512346
106.538,106.59207956538008,-0.05407956538007852
86.8551,87.25962424189697,-0.4045242418969792
103.71,103.62262874238128,0.08737125761871312
131.073,131.12007887928004,-0.04707887928003629
125.196,124.40696106778876,0.7890389322112412
139.077,138.77158786554983,0.30541213445016524
111.572,112.4399325290159,-0.8679325290159028
89.8491,89.42227882630736,0.4268211736926446
86.0491,85.87286905431475,0.17623094568524778
78.1172,77.69920873761663,0.41799126238336726
127.776,127.91940307463166,-0.14340307463166369
124.82,123.98756813015613,0.8324318698438589
70.1295,70.65995723931162,-0.5304572393116302
101.188,99.97606180477476,1.211938195225244
128.33,128.5643050551108,-0.2343050551107808
114.28,115.07301755430687,-0.7930175543068714
137.576,139.20192509397074,-1.62592509397075
99.9289,99.77448968123518,0.1544103187648176
94.7069,95.3884134631001,-0.6815134631000888
74.5814,74.78134208500465,-0.1999420850046505
130.018,130.1871458400025,-0.16914584000249988
83.9999,84.18005131645702,-0.1801513164570281
133.302,134.87974626172812,-1.577746261728123
117.345,117.16557629867889,0.17942370132111307
124.738,124.27602101589675,0.4619789841032542
116.969,116.5309709704586,0.4380290295413971
89.4696,89.98313939749967,-0.5135393974996703
123.053,123.97132808999844,-0.9183280899984396
73.9707,75.2594907118642,-1.288790711864209
131.946,132.8659091374853,-0.9199091374852912
112.366,112.35030080819864,0.015699191801360257
107.701,108.04760236757436,-0.3466023675743628
92.6988,92.04333185229112,0.6554681477088877
130.427,130.54074537794432,-0.11374537794432626
95.3135,94.1895399654444,1.1239600345556084
116.233,115.72832752567336,0.5046724743266395
108.322,107.35215263415148,0.9698473658485227
118.722,117.73760710133676,0.9843928986632307
94.7588,93.80609031618454,0.9527096838154563
85.5506,84.97963379819588,0.5709662018041257
130.036,129.60734220407562,0.42865779592438
135.866,134.99137804194172,0.8746219580582988
77.2648,76.93267164069827,0.3321283593017199
135.869,136.73584086297475,-0.8668408629747546
94.6515,93.64688704445027,1.0046129555497316
97.613,97.5832934006527,0.029706599347292695
119.858,119.48833439498578,0.3696656050142195
126.58,127.82833630083041,-1.2483363008304167
132.433,132.8619343626564,-0.42893436265640617
76.5523,76.65066330139743,-0.098363301397427
124.151,123.23345475402387,0.9175452459761289
135.989,136.92496580870218,-0.9359658087021785
84.418,85.04759640210331,-0.6295964021033029
85.8923,85.63642256213873,0.2558774378612725
75.4664,76.9469960290905,-1.4805960290905062
131.772,132.66187440057357,-0.889874400573575
124.029,123.89560104341062,0.1333989565893745
85.4277,84.57888043710369,0.8488195628963098
94.4131,93.36515030919186,1.0479496908081387
138.027,139.3683449963617,-1.3413449963617268
136.307,137.6689442122835,-1.361944212283504
98.0574,97.1091352364584,0.9482647635416015
121.115,122.9093754137229,-1.7943754137229035
134.501,134.64131988407308,-0.1403198840730795
70.1496,71.20048989326148,-1.0508898932614699
90.897,90.37519457361255,0.5218054263874592
73.8498,75.13444086914338,-1.2846408691433737
86.4847,87.23224735771791,-0.7475473577179059
100.979,100.9743597853819,0.0046402146180923864
82.1022,81.83865186281879,0.2635481371812034
119.737,120.29082699587421,-0.5538269958742177
66.8516,67.42487865756418,-0.573278657564174
118.47,119.83215034451305,-1.3621503445130543
103.615,102.97007177749714,0.6449282225028554
98.3044,97.66650284673953,0.637897153260468
111.218,111.50324439049086,-0.2852443904908597
115.49,115.50998293292047,-0.019982932920470375
101.618,100.75352402024102,0.8644759797589785
130.357,131.0058379606988,-0.6488379606988133
94.0811,94.57945050704122,-0.4983505070412093
91.6114,90.84830044727784,0.7630995527221671
122.05,121.89738665935128,0.15261334064871335
92.397,92.43108205088534,-0.03408205088533123
121.084,121.15797020746967,-0.07397020746967087
118.084,117.25845348011343,0.8255465198865721
97.1205,95.96269962955532,1.15780037044469
106.796,106.54805596586925,0.24794403413075372
79.0525,79.18044537933069,-0.12794537933069705
115.382,115.27066855723025,0.11133144276975315
98.0991,97.86266512142734,0.2364348785726662
94.014,94.26436425425408,-0.25036425425408027
131.418,131.52539116453292,-0.10739116453291331
78.6452,78.94264008704003,-0.2974400870400302
85.7055,85.55649785956251,0.1490021404374886
93.611,93.53758516967542,0.0734148303245803
105.625,104.63980790707069,0.9851920929293101
125.495,126.02075918396785,-0.5257591839678497
127.106,127.05513001392754,0.050869986072456186
87.1316,86.69196013803884,0.4396398619611688
102.431,101.97117063831358,0.45982936168641686
90.6757,89.74905260473312,0.9266473952668832
115.788,115.92914916570493,-0.14114916570493108
116.152,116.44669644311129,-0.29469644311129173
131.542,132.25962596972042,-0.7176259697204159
125.786,126.26568524846957,-0.47968524846956484
120.293,120.17919346728785,0.1138065327121609
129.254,129.80791173572902,-0.5539117357290309
124.964,125.22509451561608,-0.26109451561607955
121.98,121.26183253321766,0.7181674667823472
89.6503,89.07336274933533,0.5769372506646704
101.795,100.747813984159,1.0471860158410067
122.266,123.93166355172262,-1.6656635517226164
103.806,103.90321521518356,-0.09721521518356724
138.795,140.12163566938972,-1.3266356693897308
117.199,116.33223160005174,0.8667683999482563
98.6767,97.6501690213917,1.0265309786082923
99.0675,98.38401672879014,0.6834832712098518
112.912,112.81367551993054,0.09832448006946493
120.312,119.3699273225204,0.9420726774796009
106.246,105.63346606863223,0.6125339313677642
129.208,129.50488903485464,-0.2968890348546438
123.933,123.82262627060575,0.11037372939425438
88.033,87.90164678464926,0.1313532153507424
138.837,138.4643656015488,0.37263439845119706
118.683,118.78231324131146,-0.09931324131144947
129.608,130.92502057038527,-1.3170205703852673
108.622,107.86554941493198,0.7564505850680234
92.5803,93.82956327383862,-1.249263273838622
116.696,117.34129486126244,-0.6452948612624425
100.469,99.71943619983699,0.7495638001630027
106.717,105.38068087428516,1.3363191257148372
109.997,110.03606921034218,-0.03906921034217703
110.599,110.74824699457808,-0.14924699457807833
138.796,139.17262831196592,-0.3766283119659306
111.335,110.60714623514967,0.7278537648503232
83.4417,85.7539313806097,-2.3122313806097026
117.878,118.22730837434455,-0.3493083743445453
130.981,131.04741593423307,-0.06641593423307768
122.641,121.44241006333795,1.19858993666206
106.49,105.35163225158935,1.1383677484106443
74.899,76.11327792461417,-1.2142779246141657
92.4302,92.95234348554371,-0.5221434855437082
108.882,108.46081209199286,0.42118790800714123
96.7341,96.61939226926809,0.11470773073190799
115.249,114.62418016967177,0.6248198303282209
135.068,135.03083027015515,0.03716972984486233
104.636,105.38135588638558,-0.7453558863855818
102.628,101.30187321681444,1.3261267831855577
94.5821,93.44102051983442,1.1410794801655726
138.207,138.70659594916043,-0.4995959491604367
94.5395,93.60587854892093,0.9336214510790768
135.638,137.43577004111663,-1.797770041116621
87.5153,87.05336199948307,0.46193800051692335
117.589,117.18285182603827,0.406148173961725
131.255,130.4780027823173,0.7769972176826911
110.92,111.30479613989938,-0.3847961398993789
128.269,128.1396378855159,0.12936211448410972
113.878,112.91357845535276,0.9644215446472373
85.2204,85.86200399688612,-0.6416039968861185
83.7438,85.6122499366802,-1.8684499366802072
111.831,110.71097463447047,1.1200253655295285
126.487,127.51410920532871,-1.0271092053287134
107.061,108.2344071784765,-1.173407178476495
86.6172,86.57028485646221,0.04691514353778814
130.239,129.85795403620656,0.38104596379344
119.796,119.9758148945652,-0.1798148945651974
110.715,110.12859686787856,0.5864031321214469
135.029,134.90903779479663,0.11996220520336465
132.395,132.7274151965088,-0.3324151965087765
93.2997,92.67273791560105,0.6269620843989543
76.2813,77.13620289428748,-0.854902894287477
126.998,127.39221517919874,-0.3942151791987385
124.884,124.42928539263684,0.45471460736315805
111.486,111.0638018079083,0.42219819209169884
111.934,112.4017655264809,-0.4677655264809033
73.7423,75.10581372025715,-1.3635137202571457
125.499,125.7457489880619,-0.2467489880619098
132.248,132.02845738659317,0.2195426134068157
105.652,104.37103139295438,1.2809686070456223
99.1434,99.46502534326548,-0.321625343265481
133.628,134.09215206745455,-0.46415206745456317
124.144,123.98546310173043,0.15853689826957407
89.3663,89.77685654353294,-0.4105565435329481
112.117,111.4925688633077,0.6244311366923085
77.7338,77.83592193660975,-0.10212193660974833
79.9652,79.70416575228883,0.2610342477111658
125.588,124.99704740718998,0.5909525928100123
88.5377,88.94616166154438,-0.40846166154437924
109.105,108.95714926934124,0.1478507306587602
135.43,133.89153789363206,1.5384621063679447
131.353,132.1994763873478,-0.8464763873477921
98.6782,98.82878019218248,-0.1505801921824741
105.367,106.57896631049427,-1.2119663104942617
96.629,96.39832244878878,0.23067755121122957
97.8095,97.42588535352336,0.38361464647664434
93.9718,95.11755873997778,-1.1457587399777793
113.69,112.71856024768964,0.97143975231036
76.4036,77.17891728299959,-0.7753172829995947
83.1047,82.12533193643432,0.9793680635656727
78.5127,79.75790770157623,-1.2452077015762342
83.0009,83.43332283084081,-0.4324228308408067
78.7805,78.79358076570229,-0.013080765702284225
132.547,133.79515952705245,-1.2481595270524508
77.6724,77.18890030621431,0.4834996937856886
121.317,121.17879310891207,0.1382068910879184
130.32,129.27808025067176,1.0419197493282297
78.0464,77.69695941910857,0.34944058089143937
128.71,128.74978577587785,-0.03978577587784571
98.4797,97.52271475034719,0.9569852496528028
111.619,112.97290889103405,-1.3539088910340524
91.6715,91.87001447793264,-0.19851447793264754
128.906,129.51011263899696,-0.604112638996952
139.427,138.6874755385225,0.7395244614774867
135.759,137.5454089666869,-1.7864089666869063
127.488,126.8419954169824,0.6460045830176
77.8864,78.05838743472711,-0.17198743472711442
123.927,124.12411861091108,-0.19711861091107608
75.2809,75.88931580045855,-0.6084158004585447
85.297,85.83940106079608,-0.542401060796081
79.3119,80.86548842436812,-1.5535884243681295
130.812,130.80287982396814,0.009120176031871097
91.4407,91.71757709866473,-0.2768770986647269
116.657,116.41049083930022,0.24650916069977313
138.803,139.12454220835778,-0.32154220835778347
112.257,111.81893309899266,0.43806690100734613
121.721,121.05505860344753,0.6659413965524692
80.0407,80.82645453963293,-0.7857545396329328
88.3967,87.39003445337353,1.006665546626465
90.858,91.37405817914183,-0.5160581791418224
104.428,103.7576220872611,0.6703779127388998
133.109,133.95742917019734,-0.8484291701973348
75.1699,77.08097449412891,-1.9110744941289113
91.8579,90.75804451565173,1.099855484348268
92.0068,90.39819367081662,1.6086063291833739
99.5859,99.44068384173507,0.14521615826492962
78.7364,80.54531565779435,-1.8089156577943442
129.368,129.8194924096862,-0.4514924096862103
75.63,75.75292371295652,-0.1229237129565206
84.1883,84.71844419476137,-0.5301441947613768
104.748,105.16560673861308,-0.41760673861307396
97.8801,97.26337540821596,0.6167245917840347
119.016,118.45107571503355,0.5649242849664518
100.042,99.05928134996068,0.9827186500393168
92.6124,92.35584220514973,0.2565577948502664
134.032,133.14643892546698,0.8855610745330296
93.4134,93.30798244618215,0.10541755381784412
112.973,112.21214633478174,0.7608536652182636
110.627,109.55871269761984,1.0682873023801562
84.37,85.00517742883169,-0.6351774288316818
108.112,107.08227832753573,1.0297216724642624
76.3131,77.31255242212178,-0.9994524221217773
82.9695,83.94348907456585,-0.9739890745658499
109.043,108.77183494924125,0.2711650507587535
76.5848,76.98016989800085,-0.3953698980008511
82.7732,83.51827896962457,-0.7450789696245721
88.6783,88.00390627203653,0.6743937279634622
87.0745,86.45718527792336,0.6173147220766424
137.76,137.4895493966691,0.270450603330886
110.418,110.61233514688666,-0.1943351468866581
90.7788,89.87792766422449,0.9008723357755173
77.1162,80.17790655021805,-3.061706550218048
84.184,85.1189829944255,-0.9349829944254964
138.298,138.43196267060517,-0.13396267060517175
135.591,134.82185301012953,0.7691469898704781
133.393,133.09772598782453,0.29527401217546867
130.184,129.908472580693,0.27552741930699653
122.268,121.36917244400645,0.8988275559935488
93.834,92.47046364765606,1.3635363523439423
90.0897,90.7844364409185,-0.6947364409185042
117.038,118.03412917944802,-0.9961291794480189
119.6,119.22913179193264,0.37086820806734977
88.3994,88.30990993686079,0.08949006313920904
71.6064,73.60809990310942,-2.001699903109426
121.318,120.609318438422,0.708681561578004
97.0259,95.4600002626217,1.5658997373782881
88.2416,87.51440424827327,0.7271957517267396
120.459,119.58661889362386,0.8723811063761389
79.2905,80.1621543968724,-0.8716543968724011
100.171,99.98350331777571,0.1874966822242925
102.426,102.18873774801547,0.2372622519845322
111.412,110.32344534145973,1.088554658540275
132.906,134.51262789416003,-1.6066278941600274
104.237,104.12003270051002,0.11696729948997131
97.3379,97.24006387702958,0.09783612297042055
108.18,109.1583449609855,-0.9783449609854955
93.9144,93.22012817766488,0.694271822335125
127.763,127.62074313472873,0.14225686527127834
119.309,118.34238981182956,0.966610188170435
75.0442,77.04649271115913,-2.0022927111591287
105.187,105.3307905458684,-0.14379054586839857
95.3419,95.67152811895468,-0.32962811895468747
90.5571,90.66655258871903,-0.10945258871902297
135.79,135.64143136924804,0.14856863075195292
108.111,107.16382478358739,0.9471752164126173
108.625,107.51662487630274,1.1083751236972574
86.6727,86.94097031224472,-0.26827031224470943
134.626,136.58785634999325,-1.9618563499932407
91.2963,90.36001201887954,0.9362879811204579
85.5472,85.5033058690307,0.04389413096930639
120.483,120.92586175021349,-0.4428617502134813
109.96,110.05342793055827,-0.0934279305582777
133.401,133.79538733337733,-0.394387333377324
113.843,114.50273387968946,-0.6597338796894547
92.2703,92.51179826054718,-0.24149826054717494
123.608,122.81710719778991,0.7908928022100952
136.133,136.1884981969558,-0.05549819695579572
81.0991,80.27736021252112,0.8217397874788901
127.299,127.21191417873078,0.08708582126922693
111.046,110.14396387314832,0.9020361268516837
110.84,109.67046768682039,1.1695323131796158
99.0651,98.44445875918208,0.6206412408179176
131.637,131.0998075826347,0.5371924173653042
74.5861,75.33409755651398,-0.7479975565139796
94.6755,94.8587218332602,-0.18322183326020536
125.11,124.95118766162832,0.15881233837167485
136.993,137.32692375367273,-0.3339237536727353
75.0349,75.18062336100515,-0.14572336100515315
106.145,105.3654573222816,0.7795426777183962
70.2442,70.30499474221604,-0.060794742216032205
100.192,99.93292594264886,0.2590740573511283
99.7447,100.18144234358363,-0.4367423435836315
124.102,123.62981542765161,0.4721845723483966
74.3495,75.62607361913068,-1.276573619130673
75.0633,76.86668590252623,-1.8033859025262302
127.937,130.5687603484334,-2.6317603484333887
136.137,136.74811107407257,-0.6111110740725678
101.745,102.58778670182879,-0.8427867018287856
80.2682,79.89678113474292,0.3714188652570698
78.7878,78.52912938145634,0.25867061854366113
96.8569,100.3524044085126,-3.495504408512602
131.992,131.5334605656666,0.45853943433340305
87.0077,85.46511237852648,1.5425876214735155
87.2211,87.20296299269299,0.018137007307018393
117.289,116.59685984496414,0.6921401550358581
89.9411,90.28242586125651,-0.3413258612565073
95.9751,95.00439410360424,0.9707058963957564
126.696,126.99566469682456,-0.2996646968245642
93.1103,92.88667132298198,0.22362867701801292
130.213,129.7004663045774,0.5125336954226043
85.2595,86.12292904997844,-0.8634290499784356
128.809,128.91549142586425,-0.10649142586424887
137.903,137.6760028806791,0.22699711932088462
78.7638,80.1354022509503,-1.3716022509503034
129.784,130.57531679071838,-0.7913167907183833
109.7,110.39553199518961,-0.6955319951896115
113.278,112.35642083101112,0.9215791689888846
103.082,103.04926867689095,0.03273132310904714
133.056,132.6727983092892,0.3832016907108198
78.745,78.93911264287371,-0.194112642873705
119.377,117.15809751511074,2.218902484889256
103.697,102.4422843256322,1.2547156743678016
72.659,74.53607187377553,-1.8770718737755203
79.519,79.73170599407813,-0.21270599407812085
77.9116,79.46030517258149,-1.548705172581478
78.2563,79.53357722705424,-1.2772772270542418
124.988,126.72595189521965,-1.737951895219652
87.557,87.34024612893027,0.2167538710697272
132.871,134.21554975011415,-1.3445497501141404
113.041,112.34276156357943,0.6982384364205672
103.023,102.23158244174647,0.7914175582535279
124.99,125.30424364125561,-0.3142436412556151
127.266,126.09449729231686,1.1715027076831461
138.383,138.7209665523722,-0.337966552372194
92.8651,92.70208469069432,0.16301530930567765
123.357,122.34183680921701,1.0151631907829852
108.636,108.3916720486749,0.24432795132509
118.841,119.68898296792192,-0.8479829679219222
107.427,106.81533924535466,0.6116607546453423
122.183,121.94636763200462,0.23663236799538367
75.801,77.0309836645554,-1.229983664555391
101.225,100.57339085156626,0.6516091484337352
91.9364,93.59887947635771,-1.6624794763577029
107.927,107.51318144985385,0.41381855014616065
123.651,125.74410725862133,-2.0931072586213304
134.893,135.32716930556617,-0.43416930556617217
93.4874,93.24202395726881,0.24537604273118063
81.4646,82.00403123790994,-0.5394312379099375
74.3252,75.03197445830412,-0.7067744583041247
77.1234,77.31133281064105,-0.18793281064104406
126.642,126.86683605387566,-0.22483605387566286
135.615,135.73771668689497,-0.12271668689496096
112.89,112.70302204251622,0.18697795748377644
111.621,110.81484396984658,0.8061560301534172
133.778,133.40861941048013,0.36938058951986363
125.244,124.98217894456327,0.2618210554367266
137.868,138.2481806212402,-0.3801806212402141
85.0171,85.05604516027385,-0.03894516027385464
96.5709,95.41116643560431,1.1597335643956797
107.232,107.82902537488957,-0.5970253748895686
119.726,119.47458754913832,0.25141245086167885
105.982,104.21675212682327,1.7652478731767332
136.029,136.3921190717734,-0.3631190717734114
139.139,139.813393477517,-0.6743934775169862
125.224,124.75663592850988,0.46736407149012393
116.784,116.93612891156366,-0.1521289115636506
122.682,122.42504846648804,0.2569515335119661
116.155,115.38268436628594,0.772315633714058
82.9368,83.88554228516159,-0.9487422851615861
76.0205,77.27974129816893,-1.2592412981689307
102.834,101.7249603839652,1.1090396160348064
103.154,101.99903713593056,1.1549628640694323
113.46,113.25936784266356,0.20063215733642892
97.5126,97.73340015487804,-0.2208001548780345
106.36,106.14057761399441,0.21942238600558994
128.152,127.74591662429256,0.4060833757074249
103.581,103.15661425146267,0.4243857485373326
120.357,119.61507379437329,0.7419262056267115
128.128,128.34696631691148,-0.21896631691149082
76.8675,76.88194309228874,-0.014443092288729531
130.006,131.31152958231374,-1.3055295823137385
90.8406,91.23706726409758,-0.3964672640975806
111.544,111.25079318933005,0.29320681066994325
126.029,126.11118745370833,-0.08218745370832892
86.5478,85.45404125074825,1.093758749251748
125.393,126.64510410532525,-1.2521041053252446
120.378,120.60884511501786,-0.23084511501785698
139.467,140.69098531626466,-1.2239853162646455
93.8128,93.28059325341796,0.5322067465820339
92.5909,91.73925196665189,0.8516480333481127
127.084,128.33242537021667,-1.2484253702166654
90.0918,89.12294641987843,0.968853580121575
104.168,103.6625428999694,0.5054571000306112
99.1034,100.15996083480914,-1.0565608348091473
117.087,116.01546655845664,1.071533441543366
78.1826,79.32397303164971,-1.1413730316497208
119.76,119.01647550505821,0.743524494941795
120.515,122.01066652335182,-1.4956665233518152
122.001,121.54422273197487,0.4567772680251352
109.471,108.35844346278604,1.1125565372139619
131.701,132.02796164867914,-0.3269616486791449
71.4676,73.26800177316687,-1.8004017731668682
81.0794,80.94544172407676,0.1339582759232485
137.214,137.54978021430506,-0.33578021430506055
107.457,106.79291642334947,0.6640835766505262
86.6815,86.52307505684765,0.15842494315235456
127.474,128.01435600908488,-0.5403560090848742
124.102,124.80318981339116,-0.7011898133911529
113.335,112.25885119395687,1.076148806043122
116.163,116.52201071373817,-0.35901071373817217
73.088,74.13141959622735,-1.043419596227352
118.292,118.03269061080678,0.2593093891932199
94.2225,93.35608844039956,0.8664115596004365
99.1037,98.21982764074522,0.8838723592547808
125.552,124.84292607723276,0.7090739227672458
108.145,107.51923343558269,0.6257665644173045
122.605,122.6763183254713,-0.0713183254712959
132.192,131.92663172681634,0.2653682731836682
106.607,105.61624028194579,0.9907597180542069
105.418,104.72203049396023,0.6959695060397735
138.228,138.61987904073234,-0.39187904073233426
81.5915,81.10477452595363,0.48672547404636646
104.355,103.3245576224169,1.0304423775830998
126.933,126.41876557207827,0.5142344279217355
132.888,134.31670424560625,-1.4287042456062409
110.311,110.67304544612915,-0.36204544612914447
124.754,124.11222546888136,0.6417745311186422
97.1957,96.97999112870744,0.21570887129256278
122.821,123.15501751261417,-0.33401751261416734
90.9354,91.40589934571638,-0.47049934571637664
123.864,123.49311610265968,0.37088389734032035
128.22,129.0946301009791,-0.8746301009790898
105.577,104.44987387691225,1.1271261230877485
116.388,114.98281974626192,1.4051802537380809
96.59,96.12665708820855,0.46334291179145737
109.302,109.69317568685214,-0.39117568685213655
82.4556,82.48866125733815,-0.03306125733814724
102.955,101.77375410781504,1.1812458921849611
75.0501,76.3011247731807,-1.2510247731807027
126.026,127.10699064090173,-1.0809906409017316
105.536,106.13053328773901,-0.5945332877390115
89.3674,88.94974630917261,0.4176536908273931
83.725,83.89656066674925,-0.17156066674925796
101.585,101.37746734082712,0.20753265917286967
127.659,129.34927256071853,-1.690272560718526
72.6154,72.69958740341359,-0.0841874034135941
115.03,115.35685025900268,-0.3268502590026827
82.6415,82.06660852707519,0.5748914729248042
96.3002,95.43281857397274,0.867381426027265
123.091,123.09174853194354,-0.0007485319435431848
97.9429,97.35654174253416,0.5863582574658324
118.091,117.24582570758645,0.8451742924135459
99.1068,97.92739887212146,1.179401127878549
75.4612,76.02400479875,-0.562804798749994
101.609,101.30303484902348,0.3059651509765189
121.734,122.00574632795679,-0.2717463279567909
117.133,116.13131809684599,1.001681903154008
109.102,108.07363149203356,1.028368507966448
77.5217,78.11971263836375,-0.5980126383637554
109.408,108.66409609917746,0.743903900822545
108.723,108.08781344032212,0.6351865596778765
109.008,107.90471225373122,1.1032877462687765
109.93,108.8320682601724,1.097931739827601
92.332,91.17244030084314,1.1595596991568584
121.896,122.88739902163165,-0.9913990216316506
121.5,121.62673089878497,-0.12673089878497024
105.834,106.64077843798256,-0.8067784379825582
118.114,117.41046524906291,0.703534750937095
99.0328,99.39352200046132,-0.3607220004613225
81.303,82.71688104419378,-1.4138810441937864
